month,skills,mentions,total_postings,share_pct
2022-11,airflow,19,2159,0.88
2022-12,airflow,38,3329,1.141
2023-01,airflow,24,3682,0.652
2023-02,airflow,16,2828,0.566
2023-03,airflow,19,2727,0.697
2023-04,airflow,21,2493,0.842
2023-05,airflow,14,2357,0.594
2023-06,airflow,21,2362,0.889
2023-07,airflow,30,2560,1.172
2023-08,airflow,60,3008,1.995
2023-09,airflow,6,870,0.69
2022-11,alteryx,45,2159,2.084
2022-12,alteryx,93,3329,2.794
2023-01,alteryx,126,3682,3.422
2023-02,alteryx,104,2828,3.678
2023-03,alteryx,75,2727,2.75
2023-04,alteryx,57,2493,2.286
2023-05,alteryx,53,2357,2.249
2023-06,alteryx,111,2362,4.699
2023-07,alteryx,101,2560,3.945
2023-08,alteryx,101,3008,3.358
2023-09,alteryx,21,870,2.414
2023-01,apl,1,3682,0.027
2023-02,apl,3,2828,0.106
2023-03,apl,2,2727,0.073
2023-04,apl,1,2493,0.04
2023-05,apl,1,2357,0.042
2023-06,apl,1,2362,0.042
2022-11,asp.net,3,2159,0.139
2022-12,asp.net,3,3329,0.09
2023-01,asp.net,6,3682,0.163
2023-02,asp.net,2,2828,0.071
2023-04,asp.net,1,2493,0.04
2023-05,asp.net,2,2357,0.085
2023-06,asp.net,1,2362,0.042
2023-07,asp.net,2,2560,0.078
2023-08,asp.net,4,3008,0.133
2023-09,asp.net,2,870,0.23
2022-11,assembly,4,2159,0.185
2022-12,assembly,3,3329,0.09
2023-01,assembly,8,3682,0.217
2023-02,assembly,17,2828,0.601
2023-03,assembly,5,2727,0.183
2023-04,assembly,4,2493,0.16
2023-05,assembly,13,2357,0.552
2023-06,assembly,14,2362,0.593
2023-07,assembly,6,2560,0.234
2023-08,assembly,5,3008,0.166
2023-09,assembly,3,870,0.345
2022-11,atlassian,6,2159,0.278
2022-12,atlassian,14,3329,0.421
2023-01,atlassian,7,3682,0.19
2023-02,atlassian,8,2828,0.283
2023-03,atlassian,6,2727,0.22
2023-04,atlassian,2,2493,0.08
2023-05,atlassian,2,2357,0.085
2023-06,atlassian,7,2362,0.296
2023-07,atlassian,1,2560,0.039
2023-08,atlassian,4,3008,0.133
2022-11,aurora,4,2159,0.185
2022-12,aurora,3,3329,0.09
2023-01,aurora,4,3682,0.109
2023-02,aurora,2,2828,0.071
2023-03,aurora,10,2727,0.367
2023-04,aurora,3,2493,0.12
2023-05,aurora,1,2357,0.042
2023-06,aurora,1,2362,0.042
2023-07,aurora,2,2560,0.078
2023-08,aurora,10,3008,0.332
2023-09,aurora,2,870,0.23
2022-11,aws,133,2159,6.16
2022-12,aws,196,3329,5.888
2023-01,aws,193,3682,5.242
2023-02,aws,217,2828,7.673
2023-03,aws,143,2727,5.244
2023-04,aws,125,2493,5.014
2023-05,aws,130,2357,5.515
2023-06,aws,120,2362,5.08
2023-07,aws,118,2560,4.609
2023-08,aws,163,3008,5.419
2023-09,aws,40,870,4.598
2022-11,azure,124,2159,5.743
2022-12,azure,179,3329,5.377
2023-01,azure,231,3682,6.274
2023-02,azure,148,2828,5.233
2023-03,azure,107,2727,3.924
2023-04,azure,123,2493,4.934
2023-05,azure,134,2357,5.685
2023-06,azure,133,2362,5.631
2023-07,azure,162,2560,6.328
2023-08,azure,198,3008,6.582
2023-09,azure,53,870,6.092
2022-11,bash,6,2159,0.278
2022-12,bash,7,3329,0.21
2023-01,bash,5,3682,0.136
2023-02,bash,5,2828,0.177
2023-03,bash,4,2727,0.147
2023-04,bash,2,2493,0.08
2023-05,bash,8,2357,0.339
2023-06,bash,4,2362,0.169
2023-07,bash,8,2560,0.312
2023-08,bash,1,3008,0.033
2023-09,bash,2,870,0.23
2022-11,bigquery,23,2159,1.065
2022-12,bigquery,42,3329,1.262
2023-01,bigquery,46,3682,1.249
2023-02,bigquery,78,2828,2.758
2023-03,bigquery,102,2727,3.74
2023-04,bigquery,54,2493,2.166
2023-05,bigquery,31,2357,1.315
2023-06,bigquery,39,2362,1.651
2023-07,bigquery,45,2560,1.758
2023-08,bigquery,78,3008,2.593
2023-09,bigquery,18,870,2.069
2022-11,bitbucket,3,2159,0.139
2022-12,bitbucket,6,3329,0.18
2023-01,bitbucket,9,3682,0.244
2023-02,bitbucket,3,2828,0.106
2023-03,bitbucket,2,2727,0.073
2023-05,bitbucket,4,2357,0.17
2023-06,bitbucket,3,2362,0.127
2023-07,bitbucket,3,2560,0.117
2023-08,bitbucket,2,3008,0.066
2022-11,c,57,2159,2.64
2022-12,c,78,3329,2.343
2023-01,c,118,3682,3.205
2023-02,c,92,2828,3.253
2023-03,c,85,2727,3.117
2023-04,c,68,2493,2.728
2023-05,c,62,2357,2.63
2023-06,c,59,2362,2.498
2023-07,c,64,2560,2.5
2023-08,c,86,3008,2.859
2023-09,c,18,870,2.069
2022-11,c++,13,2159,0.602
2022-12,c++,34,3329,1.021
2023-01,c++,34,3682,0.923
2023-02,c++,15,2828,0.53
2023-03,c++,19,2727,0.697
2023-04,c++,12,2493,0.481
2023-05,c++,15,2357,0.636
2023-06,c++,12,2362,0.508
2023-07,c++,27,2560,1.055
2023-08,c++,42,3008,1.396
2023-09,c++,1,870,0.115
2022-12,c/c++,1,3329,0.03
2023-01,c/c++,1,3682,0.027
2023-02,c/c++,9,2828,0.318
2023-03,c/c++,8,2727,0.293
2023-04,c/c++,4,2493,0.16
2023-05,c/c++,2,2357,0.085
2023-06,c/c++,1,2362,0.042
2023-07,c/c++,3,2560,0.117
2023-08,c/c++,4,3008,0.133
2023-04,clojure,1,2493,0.04
2023-05,clojure,1,2357,0.042
2023-06,clojure,3,2362,0.127
2023-07,clojure,2,2560,0.078
2022-11,cobol,5,2159,0.232
2022-12,cobol,1,3329,0.03
2023-02,cobol,1,2828,0.035
2023-05,cobol,1,2357,0.042
2023-06,cobol,2,2362,0.085
2023-07,cobol,5,2560,0.195
2022-11,cognos,20,2159,0.926
2022-12,cognos,39,3329,1.172
2023-01,cognos,43,3682,1.168
2023-02,cognos,34,2828,1.202
2023-03,cognos,28,2727,1.027
2023-04,cognos,37,2493,1.484
2023-05,cognos,29,2357,1.23
2023-06,cognos,42,2362,1.778
2023-07,cognos,39,2560,1.523
2023-08,cognos,37,3008,1.23
2023-09,cognos,12,870,1.379
2022-11,crystal,8,2159,0.371
2022-12,crystal,20,3329,0.601
2023-01,crystal,37,3682,1.005
2023-02,crystal,16,2828,0.566
2023-03,crystal,26,2727,0.953
2023-04,crystal,17,2493,0.682
2023-05,crystal,31,2357,1.315
2023-06,crystal,33,2362,1.397
2023-07,crystal,28,2560,1.094
2023-08,crystal,29,3008,0.964
2023-09,crystal,7,870,0.805
2022-11,css,11,2159,0.509
2022-12,css,26,3329,0.781
2023-01,css,8,3682,0.217
2023-02,css,6,2828,0.212
2023-03,css,7,2727,0.257
2023-04,css,14,2493,0.562
2023-05,css,7,2357,0.297
2023-06,css,9,2362,0.381
2023-07,css,10,2560,0.391
2023-08,css,11,3008,0.366
2023-09,css,7,870,0.805
2022-12,dart,1,3329,0.03
2023-05,dart,1,2357,0.042
2023-07,dart,2,2560,0.078
2023-08,dart,1,3008,0.033
2023-03,datarobot,1,2727,0.037
2023-04,datarobot,1,2493,0.04
2023-07,datarobot,5,2560,0.195
2023-09,datarobot,1,870,0.115
2022-11,dax,25,2159,1.158
2022-12,dax,43,3329,1.292
2023-01,dax,47,3682,1.276
2023-02,dax,35,2828,1.238
2023-03,dax,34,2727,1.247
2023-04,dax,21,2493,0.842
2023-05,dax,31,2357,1.315
2023-06,dax,23,2362,0.974
2023-07,dax,43,2560,1.68
2023-08,dax,38,3008,1.263
2023-09,dax,12,870,1.379
2023-05,delphi,1,2357,0.042
2022-11,docker,13,2159,0.602
2022-12,docker,17,3329,0.511
2023-01,docker,14,3682,0.38
2023-02,docker,8,2828,0.283
2023-03,docker,9,2727,0.33
2023-04,docker,25,2493,1.003
2023-05,docker,10,2357,0.424
2023-06,docker,10,2362,0.423
2023-07,docker,25,2560,0.977
2023-08,docker,25,3008,0.831
2023-09,docker,4,870,0.46
2022-11,dplyr,4,2159,0.185
2022-12,dplyr,2,3329,0.06
2023-01,dplyr,2,3682,0.054
2023-03,dplyr,2,2727,0.073
2023-04,dplyr,3,2493,0.12
2023-05,dplyr,2,2357,0.085
2023-06,dplyr,1,2362,0.042
2023-07,dplyr,1,2560,0.039
2023-08,dplyr,3,3008,0.1
2023-06,elixir,4,2362,0.169
2023-08,elixir,1,3008,0.033
2023-08,erlang,2,3008,0.066
2022-11,excel,841,2159,38.953
2022-12,excel,1169,3329,35.116
2023-01,excel,1279,3682,34.737
2023-02,excel,1045,2828,36.952
2023-03,excel,987,2727,36.194
2023-04,excel,849,2493,34.055
2023-05,excel,708,2357,30.038
2023-06,excel,763,2362,32.303
2023-07,excel,770,2560,30.078
2023-08,excel,964,3008,32.048
2023-09,excel,281,870,32.299
2023-01,fortran,2,3682,0.054
2023-02,fortran,2,2828,0.071
2023-03,fortran,1,2727,0.037
2023-05,fortran,2,2357,0.085
2023-06,fortran,1,2362,0.042
2022-11,gcp,17,2159,0.787
2022-12,gcp,40,3329,1.202
2023-01,gcp,36,3682,0.978
2023-02,gcp,30,2828,1.061
2023-03,gcp,41,2727,1.503
2023-04,gcp,36,2493,1.444
2023-05,gcp,60,2357,2.546
2023-06,gcp,43,2362,1.82
2023-07,gcp,49,2560,1.914
2023-08,gcp,103,3008,3.424
2023-09,gcp,17,870,1.954
2022-11,gdpr,6,2159,0.278
2022-12,gdpr,13,3329,0.391
2023-01,gdpr,6,3682,0.163
2023-02,gdpr,1,2828,0.035
2023-03,gdpr,4,2727,0.147
2023-04,gdpr,4,2493,0.16
2023-05,gdpr,7,2357,0.297
2023-06,gdpr,11,2362,0.466
2023-07,gdpr,10,2560,0.391
2023-08,gdpr,7,3008,0.233
2023-09,gdpr,1,870,0.115
2022-11,ggplot2,1,2159,0.046
2022-12,ggplot2,4,3329,0.12
2023-01,ggplot2,1,3682,0.027
2023-02,ggplot2,5,2828,0.177
2023-03,ggplot2,9,2727,0.33
2023-04,ggplot2,4,2493,0.16
2023-05,ggplot2,2,2357,0.085
2023-06,ggplot2,33,2362,1.397
2023-08,ggplot2,6,3008,0.199
2022-11,git,17,2159,0.787
2022-12,git,34,3329,1.021
2023-01,git,41,3682,1.114
2023-02,git,24,2828,0.849
2023-03,git,29,2727,1.063
2023-04,git,43,2493,1.725
2023-05,git,17,2357,0.721
2023-06,git,25,2362,1.058
2023-07,git,48,2560,1.875
2023-08,git,50,3008,1.662
2023-09,git,9,870,1.034
2022-11,github,16,2159,0.741
2022-12,github,26,3329,0.781
2023-01,github,29,3682,0.788
2023-02,github,24,2828,0.849
2023-03,github,9,2727,0.33
2023-04,github,12,2493,0.481
2023-05,github,18,2357,0.764
2023-06,github,25,2362,1.058
2023-07,github,22,2560,0.859
2023-08,github,32,3008,1.064
2023-09,github,8,870,0.92
2022-11,gitlab,2,2159,0.093
2022-12,gitlab,4,3329,0.12
2023-01,gitlab,4,3682,0.109
2023-02,gitlab,3,2828,0.106
2023-03,gitlab,5,2727,0.183
2023-04,gitlab,4,2493,0.16
2023-05,gitlab,5,2357,0.212
2023-06,gitlab,6,2362,0.254
2023-07,gitlab,7,2560,0.273
2023-08,gitlab,16,3008,0.532
2023-09,gitlab,2,870,0.23
2022-11,go,96,2159,4.447
2022-12,go,112,3329,3.364
2023-01,go,167,3682,4.536
2023-02,go,109,2828,3.854
2023-03,go,90,2727,3.3
2023-04,go,82,2493,3.289
2023-05,go,79,2357,3.352
2023-06,go,75,2362,3.175
2023-07,go,79,2560,3.086
2023-08,go,114,3008,3.79
2023-09,go,26,870,2.989
2022-12,golang,1,3329,0.03
2023-01,golang,1,3682,0.027
2023-02,golang,2,2828,0.071
2023-03,golang,6,2727,0.22
2023-07,golang,3,2560,0.117
2023-09,golang,1,870,0.115
2022-12,graphql,1,3329,0.03
2023-03,graphql,4,2727,0.147
2023-06,graphql,3,2362,0.127
2023-09,graphql,3,870,0.345
2022-12,groovy,1,3329,0.03
2023-02,groovy,2,2828,0.071
2023-06,groovy,4,2362,0.169
2023-07,groovy,1,2560,0.039
2023-08,groovy,1,3008,0.033
2022-11,hadoop,105,2159,4.863
2022-12,hadoop,69,3329,2.073
2023-01,hadoop,58,3682,1.575
2023-02,hadoop,105,2828,3.713
2023-03,hadoop,79,2727,2.897
2023-04,hadoop,54,2493,2.166
2023-05,hadoop,35,2357,1.485
2023-06,hadoop,74,2362,3.133
2023-07,hadoop,60,2560,2.344
2023-08,hadoop,79,3008,2.626
2023-09,hadoop,11,870,1.264
2023-07,haskell,1,2560,0.039
2023-08,haskell,1,3008,0.033
2022-11,html,12,2159,0.556
2022-12,html,35,3329,1.051
2023-01,html,14,3682,0.38
2023-02,html,31,2828,1.096
2023-03,html,19,2727,0.697
2023-04,html,19,2493,0.762
2023-05,html,24,2357,1.018
2023-06,html,22,2362,0.931
2023-07,html,24,2560,0.938
2023-08,html,28,3008,0.931
2023-09,html,9,870,1.034
2022-11,java,46,2159,2.131
2022-12,java,89,3329,2.673
2023-01,java,78,3682,2.118
2023-02,java,70,2828,2.475
2023-03,java,60,2727,2.2
2023-04,java,56,2493,2.246
2023-05,java,39,2357,1.655
2023-06,java,44,2362,1.863
2023-07,java,77,2560,3.008
2023-08,java,101,3008,3.358
2023-09,java,15,870,1.724
2022-11,javascript,43,2159,1.992
2022-12,javascript,80,3329,2.403
2023-01,javascript,50,3682,1.358
2023-02,javascript,69,2828,2.44
2023-03,javascript,104,2727,3.814
2023-04,javascript,48,2493,1.925
2023-05,javascript,39,2357,1.655
2023-06,javascript,50,2362,2.117
2023-07,javascript,55,2560,2.148
2023-08,javascript,51,3008,1.695
2023-09,javascript,19,870,2.184
2022-11,jira,63,2159,2.918
2022-12,jira,93,3329,2.794
2023-01,jira,262,3682,7.116
2023-02,jira,82,2828,2.9
2023-03,jira,46,2727,1.687
2023-04,jira,106,2493,4.252
2023-05,jira,69,2357,2.927
2023-06,jira,66,2362,2.794
2023-07,jira,53,2560,2.07
2023-08,jira,79,3008,2.626
2023-09,jira,21,870,2.414
2022-11,jquery,3,2159,0.139
2023-01,jquery,2,3682,0.054
2023-03,jquery,5,2727,0.183
2023-04,jquery,3,2493,0.12
2023-05,jquery,1,2357,0.042
2023-06,jquery,7,2362,0.296
2023-07,jquery,3,2560,0.117
2023-08,jquery,2,3008,0.066
2023-09,jquery,2,870,0.23
2022-12,js,1,3329,0.03
2023-01,js,1,3682,0.027
2023-02,js,5,2828,0.177
2023-03,js,4,2727,0.147
2023-04,js,4,2493,0.16
2023-05,js,3,2357,0.127
2023-06,js,7,2362,0.296
2023-07,js,1,2560,0.039
2023-08,js,4,3008,0.133
2022-11,julia,5,2159,0.232
2022-12,julia,2,3329,0.06
2023-01,julia,2,3682,0.054
2023-02,julia,3,2828,0.106
2023-03,julia,3,2727,0.11
2023-04,julia,3,2493,0.12
2023-05,julia,2,2357,0.085
2023-06,julia,2,2362,0.085
2023-07,julia,4,2560,0.156
2023-08,julia,4,3008,0.133
2022-11,jupyter,16,2159,0.741
2022-12,jupyter,9,3329,0.27
2023-01,jupyter,16,3682,0.435
2023-02,jupyter,11,2828,0.389
2023-03,jupyter,15,2727,0.55
2023-04,jupyter,17,2493,0.682
2023-05,jupyter,12,2357,0.509
2023-06,jupyter,17,2362,0.72
2023-07,jupyter,6,2560,0.234
2023-08,jupyter,16,3008,0.532
2023-09,jupyter,2,870,0.23
2022-11,keras,4,2159,0.185
2022-12,keras,11,3329,0.33
2023-01,keras,6,3682,0.163
2023-02,keras,2,2828,0.071
2023-03,keras,1,2727,0.037
2023-04,keras,2,2493,0.08
2023-05,keras,1,2357,0.042
2023-06,keras,1,2362,0.042
2023-07,keras,7,2560,0.273
2023-08,keras,7,3008,0.233
2023-09,keras,1,870,0.115
2023-07,kotlin,2,2560,0.078
2022-11,linux,28,2159,1.297
2022-12,linux,30,3329,0.901
2023-01,linux,23,3682,0.625
2023-02,linux,27,2828,0.955
2023-03,linux,20,2727,0.733
2023-04,linux,17,2493,0.682
2023-05,linux,11,2357,0.467
2023-06,linux,11,2362,0.466
2023-07,linux,29,2560,1.133
2023-08,linux,20,3008,0.665
2023-09,linux,7,870,0.805
2022-12,linux/unix,2,3329,0.06
2023-01,linux/unix,2,3682,0.054
2023-03,linux/unix,2,2727,0.073
2023-04,linux/unix,3,2493,0.12
2023-05,linux/unix,1,2357,0.042
2023-06,linux/unix,4,2362,0.169
2023-07,linux/unix,3,2560,0.117
2023-08,linux/unix,2,3008,0.066
2023-09,linux/unix,1,870,0.115
2022-11,looker,109,2159,5.049
2022-12,looker,131,3329,3.935
2023-01,looker,146,3682,3.965
2023-02,looker,103,2828,3.642
2023-03,looker,103,2727,3.777
2023-04,looker,91,2493,3.65
2023-05,looker,127,2357,5.388
2023-06,looker,133,2362,5.631
2023-07,looker,144,2560,5.625
2023-08,looker,146,3008,4.854
2023-09,looker,39,870,4.483
2022-11,matlab,10,2159,0.463
2022-12,matlab,41,3329,1.232
2023-01,matlab,36,3682,0.978
2023-02,matlab,42,2828,1.485
2023-03,matlab,39,2727,1.43
2023-04,matlab,39,2493,1.564
2023-05,matlab,30,2357,1.273
2023-06,matlab,23,2362,0.974
2023-07,matlab,19,2560,0.742
2023-08,matlab,21,3008,0.698
2023-09,matlab,8,870,0.92
2022-11,matplotlib,22,2159,1.019
2022-12,matplotlib,41,3329,1.232
2023-01,matplotlib,26,3682,0.706
2023-02,matplotlib,4,2828,0.141
2023-03,matplotlib,17,2727,0.623
2023-04,matplotlib,11,2493,0.441
2023-05,matplotlib,12,2357,0.509
2023-06,matplotlib,25,2362,1.058
2023-07,matplotlib,31,2560,1.211
2023-08,matplotlib,61,3008,2.028
2023-09,matplotlib,13,870,1.494
2022-11,microstrategy,86,2159,3.983
2022-12,microstrategy,25,3329,0.751
2023-01,microstrategy,294,3682,7.985
2023-02,microstrategy,52,2828,1.839
2023-03,microstrategy,23,2727,0.843
2023-04,microstrategy,83,2493,3.329
2023-05,microstrategy,44,2357,1.867
2023-06,microstrategy,52,2362,2.202
2023-07,microstrategy,30,2560,1.172
2023-08,microstrategy,19,3008,0.632
2023-09,microstrategy,16,870,1.839
2023-07,mlr,2,2560,0.078
2023-08,mlr,1,3008,0.033
2022-11,mongo,2,2159,0.093
2022-12,mongo,2,3329,0.06
2023-01,mongo,1,3682,0.027
2023-02,mongo,1,2828,0.035
2023-03,mongo,4,2727,0.147
2023-04,mongo,10,2493,0.401
2023-05,mongo,1,2357,0.042
2023-06,mongo,3,2362,0.127
2023-07,mongo,2,2560,0.078
2023-08,mongo,2,3008,0.066
2022-11,mongodb,5,2159,0.232
2022-12,mongodb,16,3329,0.481
2023-01,mongodb,8,3682,0.217
2023-02,mongodb,17,2828,0.601
2023-03,mongodb,16,2727,0.587
2023-04,mongodb,2,2493,0.08
2023-05,mongodb,5,2357,0.212
2023-06,mongodb,8,2362,0.339
2023-07,mongodb,11,2560,0.43
2023-08,mongodb,17,3008,0.565
2023-09,mongodb,4,870,0.46
2022-11,mssql,7,2159,0.324
2022-12,mssql,10,3329,0.3
2023-01,mssql,9,3682,0.244
2023-02,mssql,4,2828,0.141
2023-03,mssql,4,2727,0.147
2023-04,mssql,13,2493,0.521
2023-05,mssql,3,2357,0.127
2023-06,mssql,6,2362,0.254
2023-07,mssql,14,2560,0.547
2023-08,mssql,20,3008,0.665
2023-09,mssql,12,870,1.379
2023-02,mxnet,2,2828,0.071
2023-07,mxnet,2,2560,0.078
2022-11,mysql,36,2159,1.667
2022-12,mysql,59,3329,1.772
2023-01,mysql,59,3682,1.602
2023-02,mysql,45,2828,1.591
2023-03,mysql,41,2727,1.503
2023-04,mysql,28,2493,1.123
2023-05,mysql,47,2357,1.994
2023-06,mysql,31,2362,1.312
2023-07,mysql,48,2560,1.875
2023-08,mysql,39,3008,1.297
2023-09,mysql,11,870,1.264
2023-03,nltk,2,2727,0.073
2023-05,nltk,1,2357,0.042
2023-06,nltk,1,2362,0.042
2023-07,nltk,2,2560,0.078
2023-08,nltk,7,3008,0.233
2022-11,no-sql,2,2159,0.093
2022-12,no-sql,1,3329,0.03
2023-01,no-sql,2,3682,0.054
2023-02,no-sql,1,2828,0.035
2023-03,no-sql,4,2727,0.147
2023-06,no-sql,4,2362,0.169
2023-07,no-sql,2,2560,0.078
2023-08,no-sql,5,3008,0.166
2022-11,node,1,2159,0.046
2023-01,node,1,3682,0.027
2023-02,node,3,2828,0.106
2023-03,node,2,2727,0.073
2023-04,node,2,2493,0.08
2023-05,node,3,2357,0.127
2023-06,node,2,2362,0.085
2023-08,node,2,3008,0.066
2023-09,node,1,870,0.115
2022-12,node.js,2,3329,0.06
2023-01,node.js,3,3682,0.081
2023-02,node.js,3,2828,0.106
2023-05,node.js,2,2357,0.085
2023-06,node.js,1,2362,0.042
2023-07,node.js,3,2560,0.117
2023-08,node.js,2,3008,0.066
2022-11,nosql,98,2159,4.539
2022-12,nosql,73,3329,2.193
2023-01,nosql,56,3682,1.521
2023-02,nosql,59,2828,2.086
2023-03,nosql,72,2727,2.64
2023-04,nosql,52,2493,2.086
2023-05,nosql,35,2357,1.485
2023-06,nosql,38,2362,1.609
2023-07,nosql,51,2560,1.992
2023-08,nosql,127,3008,4.222
2023-09,nosql,16,870,1.839
2023-01,nuix,1,3682,0.027
2023-02,nuix,3,2828,0.106
2023-03,nuix,1,2727,0.037
2023-04,nuix,2,2493,0.08
2023-05,nuix,8,2357,0.339
2023-06,nuix,1,2362,0.042
2022-11,numpy,27,2159,1.251
2022-12,numpy,28,3329,0.841
2023-01,numpy,26,3682,0.706
2023-02,numpy,28,2828,0.99
2023-03,numpy,24,2727,0.88
2023-04,numpy,10,2493,0.401
2023-05,numpy,8,2357,0.339
2023-06,numpy,49,2362,2.075
2023-07,numpy,26,2560,1.016
2023-08,numpy,36,3008,1.197
2023-09,numpy,7,870,0.805
2022-11,outlook,41,2159,1.899
2022-12,outlook,85,3329,2.553
2023-01,outlook,106,3682,2.879
2023-02,outlook,52,2828,1.839
2023-03,outlook,68,2727,2.494
2023-04,outlook,70,2493,2.808
2023-05,outlook,59,2357,2.503
2023-06,outlook,44,2362,1.863
2023-07,outlook,74,2560,2.891
2023-08,outlook,77,3008,2.56
2023-09,outlook,27,870,3.103
2022-11,pandas,41,2159,1.899
2022-12,pandas,38,3329,1.141
2023-01,pandas,34,3682,0.923
2023-02,pandas,36,2828,1.273
2023-03,pandas,40,2727,1.467
2023-04,pandas,17,2493,0.682
2023-05,pandas,18,2357,0.764
2023-06,pandas,53,2362,2.244
2023-07,pandas,42,2560,1.641
2023-08,pandas,60,3008,1.995
2023-09,pandas,15,870,1.724
2022-11,perl,1,2159,0.046
2022-12,perl,11,3329,0.33
2023-01,perl,10,3682,0.272
2023-02,perl,4,2828,0.141
2023-03,perl,5,2727,0.183
2023-04,perl,5,2493,0.201
2023-05,perl,7,2357,0.297
2023-06,perl,9,2362,0.381
2023-07,perl,7,2560,0.273
2023-08,perl,10,3008,0.332
2023-09,perl,2,870,0.23
2022-11,php,4,2159,0.185
2022-12,php,9,3329,0.27
2023-01,php,4,3682,0.109
2023-02,php,2,2828,0.071
2023-03,php,5,2727,0.183
2023-04,php,2,2493,0.08
2023-05,php,6,2357,0.255
2023-06,php,7,2362,0.296
2023-07,php,6,2560,0.234
2023-08,php,13,3008,0.432
2023-09,php,5,870,0.575
2022-11,pl/sql,91,2159,4.215
2022-12,pl/sql,28,3329,0.841
2023-01,pl/sql,41,3682,1.114
2023-02,pl/sql,10,2828,0.354
2023-03,pl/sql,21,2727,0.77
2023-04,pl/sql,18,2493,0.722
2023-05,pl/sql,17,2357,0.721
2023-06,pl/sql,22,2362,0.931
2023-07,pl/sql,21,2560,0.82
2023-08,pl/sql,39,3008,1.297
2023-09,pl/sql,12,870,1.379
2022-11,plotly,9,2159,0.417
2022-12,plotly,3,3329,0.09
2023-01,plotly,8,3682,0.217
2023-02,plotly,3,2828,0.106
2023-03,plotly,6,2727,0.22
2023-04,plotly,9,2493,0.361
2023-05,plotly,3,2357,0.127
2023-06,plotly,6,2362,0.254
2023-07,plotly,2,2560,0.078
2023-08,plotly,10,3008,0.332
2022-11,postgres,20,2159,0.926
2022-12,postgres,38,3329,1.141
2023-01,postgres,23,3682,0.625
2023-02,postgres,7,2828,0.248
2023-03,postgres,17,2727,0.623
2023-04,postgres,7,2493,0.281
2023-05,postgres,7,2357,0.297
2023-06,postgres,13,2362,0.55
2023-07,postgres,21,2560,0.82
2023-08,postgres,39,3008,1.297
2023-09,postgres,3,870,0.345
2022-11,postgresql,19,2159,0.88
2022-12,postgresql,25,3329,0.751
2023-01,postgresql,31,3682,0.842
2023-02,postgresql,30,2828,1.061
2023-03,postgresql,25,2727,0.917
2023-04,postgresql,22,2493,0.882
2023-05,postgresql,27,2357,1.146
2023-06,postgresql,12,2362,0.508
2023-07,postgresql,24,2560,0.938
2023-08,postgresql,29,3008,0.964
2023-09,postgresql,6,870,0.69
2022-11,power_bi,642,2159,29.736
2022-12,power_bi,923,3329,27.726
2023-01,power_bi,922,3682,25.041
2023-02,power_bi,764,2828,27.016
2023-03,power_bi,785,2727,28.786
2023-04,power_bi,649,2493,26.033
2023-05,power_bi,686,2357,29.105
2023-06,power_bi,643,2362,27.223
2023-07,power_bi,719,2560,28.086
2023-08,power_bi,959,3008,31.882
2023-09,power_bi,279,870,32.069
2022-11,powerpoint,146,2159,6.762
2022-12,powerpoint,203,3329,6.098
2023-01,powerpoint,373,3682,10.13
2023-02,powerpoint,232,2828,8.204
2023-03,powerpoint,189,2727,6.931
2023-04,powerpoint,188,2493,7.541
2023-05,powerpoint,145,2357,6.152
2023-06,powerpoint,182,2362,7.705
2023-07,powerpoint,219,2560,8.555
2023-08,powerpoint,239,3008,7.945
2023-09,powerpoint,66,870,7.586
2022-12,powerpoints,3,3329,0.09
2023-01,powerpoints,1,3682,0.027
2023-02,powerpoints,2,2828,0.071
2023-08,powerpoints,1,3008,0.033
2022-11,powershell,10,2159,0.463
2022-12,powershell,21,3329,0.631
2023-01,powershell,9,3682,0.244
2023-02,powershell,8,2828,0.283
2023-03,powershell,11,2727,0.403
2023-04,powershell,8,2493,0.321
2023-05,powershell,13,2357,0.552
2023-06,powershell,10,2362,0.423
2023-07,powershell,14,2560,0.547
2023-08,powershell,28,3008,0.931
2023-09,powershell,9,870,1.034
2022-11,pyspark,19,2159,0.88
2022-12,pyspark,21,3329,0.631
2023-01,pyspark,17,3682,0.462
2023-02,pyspark,16,2828,0.566
2023-03,pyspark,13,2727,0.477
2023-04,pyspark,12,2493,0.481
2023-05,pyspark,9,2357,0.382
2023-06,pyspark,54,2362,2.286
2023-07,pyspark,36,2560,1.406
2023-08,pyspark,44,3008,1.463
2023-09,pyspark,6,870,0.69
2022-11,python,698,2159,32.33
2022-12,python,971,3329,29.168
2023-01,python,929,3682,25.231
2023-02,python,786,2828,27.793
2023-03,python,781,2727,28.64
2023-04,python,690,2493,27.677
2023-05,python,639,2357,27.111
2023-06,python,672,2362,28.45
2023-07,python,693,2560,27.07
2023-08,python,986,3008,32.779
2023-09,python,246,870,28.276
2022-11,pytorch,3,2159,0.139
2022-12,pytorch,9,3329,0.27
2023-01,pytorch,6,3682,0.163
2023-02,pytorch,13,2828,0.46
2023-03,pytorch,11,2727,0.403
2023-04,pytorch,10,2493,0.401
2023-05,pytorch,5,2357,0.212
2023-06,pytorch,7,2362,0.296
2023-07,pytorch,11,2560,0.43
2023-08,pytorch,17,3008,0.565
2023-09,pytorch,1,870,0.115
2022-11,qlik,21,2159,0.973
2022-12,qlik,68,3329,2.043
2023-01,qlik,75,3682,2.037
2023-02,qlik,55,2828,1.945
2023-03,qlik,45,2727,1.65
2023-04,qlik,61,2493,2.447
2023-05,qlik,51,2357,2.164
2023-06,qlik,36,2362,1.524
2023-07,qlik,49,2560,1.914
2023-08,qlik,51,3008,1.695
2023-09,qlik,18,870,2.069
2022-11,r,520,2159,24.085
2022-12,r,665,3329,19.976
2023-01,r,581,3682,15.779
2023-02,r,475,2828,16.796
2023-03,r,493,2727,18.078
2023-04,r,437,2493,17.529
2023-05,r,395,2357,16.759
2023-06,r,384,2362,16.257
2023-07,r,447,2560,17.461
2023-08,r,597,3008,19.847
2023-09,r,167,870,19.195
2022-11,redis,1,2159,0.046
2022-12,redis,5,3329,0.15
2023-01,redis,3,3682,0.081
2023-03,redis,1,2727,0.037
2023-05,redis,1,2357,0.042
2023-07,redis,1,2560,0.039
2022-11,redshift,31,2159,1.436
2022-12,redshift,65,3329,1.953
2023-01,redshift,45,3682,1.222
2023-02,redshift,41,2828,1.45
2023-03,redshift,54,2727,1.98
2023-04,redshift,29,2493,1.163
2023-05,redshift,41,2357,1.739
2023-06,redshift,44,2362,1.863
2023-07,redshift,48,2560,1.875
2023-08,redshift,49,3008,1.629
2023-09,redshift,13,870,1.494
2022-12,rshiny,1,3329,0.03
2023-01,rshiny,1,3682,0.027
2023-02,rshiny,1,2828,0.035
2023-04,rshiny,5,2493,0.201
2023-05,rshiny,1,2357,0.042
2023-08,rshiny,7,3008,0.233
2023-09,rshiny,1,870,0.115
2022-11,ruby,6,2159,0.278
2022-12,ruby,16,3329,0.481
2023-01,ruby,9,3682,0.244
2023-02,ruby,5,2828,0.177
2023-03,ruby,6,2727,0.22
2023-04,ruby,3,2493,0.12
2023-05,ruby,2,2357,0.085
2023-06,ruby,4,2362,0.169
2023-07,ruby,6,2560,0.234
2023-09,ruby,1,870,0.115
2022-11,rust,1,2159,0.046
2023-01,rust,1,3682,0.027
2023-02,rust,2,2828,0.071
2023-03,rust,1,2727,0.037
2023-04,rust,2,2493,0.08
2023-06,rust,3,2362,0.127
2023-07,rust,1,2560,0.039
2022-11,sap,52,2159,2.409
2022-12,sap,109,3329,3.274
2023-01,sap,112,3682,3.042
2023-02,sap,133,2828,4.703
2023-03,sap,75,2727,2.75
2023-04,sap,91,2493,3.65
2023-05,sap,87,2357,3.691
2023-06,sap,102,2362,4.318
2023-07,sap,111,2560,4.336
2023-08,sap,113,3008,3.757
2023-09,sap,40,870,4.598
2022-11,sas,318,2159,14.729
2022-12,sas,396,3329,11.895
2023-01,sas,296,3682,8.039
2023-02,sas,241,2828,8.522
2023-03,sas,260,2727,9.534
2023-04,sas,235,2493,9.426
2023-05,sas,192,2357,8.146
2023-06,sas,150,2362,6.351
2023-07,sas,182,2560,7.109
2023-08,sas,286,3008,9.508
2023-09,sas,81,870,9.31
2023-08,sass,1,3008,0.033
2022-11,scala,29,2159,1.343
2022-12,scala,86,3329,2.583
2023-01,scala,89,3682,2.417
2023-02,scala,98,2828,3.465
2023-03,scala,97,2727,3.557
2023-04,scala,72,2493,2.888
2023-05,scala,117,2357,4.964
2023-06,scala,105,2362,4.445
2023-07,scala,100,2560,3.906
2023-08,scala,194,3008,6.449
2023-09,scala,25,870,2.874
2022-11,scikit-learn,10,2159,0.463
2022-12,scikit-learn,15,3329,0.451
2023-01,scikit-learn,13,3682,0.353
2023-02,scikit-learn,22,2828,0.778
2023-03,scikit-learn,17,2727,0.623
2023-04,scikit-learn,8,2493,0.321
2023-05,scikit-learn,8,2357,0.339
2023-06,scikit-learn,45,2362,1.905
2023-07,scikit-learn,16,2560,0.625
2023-08,scikit-learn,22,3008,0.731
2023-09,scikit-learn,4,870,0.46
2022-11,seaborn,5,2159,0.232
2022-12,seaborn,4,3329,0.12
2023-01,seaborn,7,3682,0.19
2023-02,seaborn,5,2828,0.177
2023-03,seaborn,3,2727,0.11
2023-04,seaborn,3,2493,0.12
2023-05,seaborn,4,2357,0.17
2023-06,seaborn,5,2362,0.212
2023-07,seaborn,8,2560,0.312
2023-08,seaborn,4,3008,0.133
2023-09,seaborn,1,870,0.115
2022-11,selenium,2,2159,0.093
2022-12,selenium,3,3329,0.09
2023-01,selenium,8,3682,0.217
2023-03,selenium,4,2727,0.147
2023-04,selenium,5,2493,0.201
2023-05,selenium,1,2357,0.042
2023-06,selenium,4,2362,0.169
2023-07,selenium,3,2560,0.117
2023-08,selenium,2,3008,0.066
2023-09,selenium,1,870,0.115
2022-11,sharepoint,39,2159,1.806
2022-12,sharepoint,62,3329,1.862
2023-01,sharepoint,79,3682,2.146
2023-02,sharepoint,74,2828,2.617
2023-03,sharepoint,81,2727,2.97
2023-04,sharepoint,58,2493,2.327
2023-05,sharepoint,72,2357,3.055
2023-06,sharepoint,57,2362,2.413
2023-07,sharepoint,72,2560,2.812
2023-08,sharepoint,97,3008,3.225
2023-09,sharepoint,23,870,2.644
2022-11,shell,6,2159,0.278
2022-12,shell,7,3329,0.21
2023-01,shell,19,3682,0.516
2023-02,shell,17,2828,0.601
2023-03,shell,20,2727,0.733
2023-04,shell,9,2493,0.361
2023-05,shell,5,2357,0.212
2023-06,shell,13,2362,0.55
2023-07,shell,25,2560,0.977
2023-08,shell,23,3008,0.765
2023-09,shell,6,870,0.69
2022-11,snowflake,203,2159,9.403
2022-12,snowflake,257,3329,7.72
2023-01,snowflake,198,3682,5.378
2023-02,snowflake,209,2828,7.39
2023-03,snowflake,149,2727,5.464
2023-04,snowflake,119,2493,4.773
2023-05,snowflake,88,2357,3.734
2023-06,snowflake,121,2362,5.123
2023-07,snowflake,146,2560,5.703
2023-08,snowflake,201,3008,6.682
2023-09,snowflake,49,870,5.632
2023-01,solidity,1,3682,0.027
2023-05,solidity,2,2357,0.085
2023-06,solidity,1,2362,0.042
2023-08,solidity,1,3008,0.033
2022-11,spark,63,2159,2.918
2022-12,spark,140,3329,4.205
2023-01,spark,130,3682,3.531
2023-02,spark,118,2828,4.173
2023-03,spark,124,2727,4.547
2023-04,spark,107,2493,4.292
2023-05,spark,137,2357,5.812
2023-06,spark,140,2362,5.927
2023-07,spark,146,2560,5.703
2023-08,spark,252,3008,8.378
2023-09,spark,38,870,4.368
2022-11,splunk,5,2159,0.232
2022-12,splunk,11,3329,0.33
2023-01,splunk,14,3682,0.38
2023-02,splunk,13,2828,0.46
2023-03,splunk,10,2727,0.367
2023-04,splunk,17,2493,0.682
2023-05,splunk,15,2357,0.636
2023-06,splunk,5,2362,0.212
2023-07,splunk,5,2560,0.195
2023-08,splunk,20,3008,0.665
2023-09,splunk,6,870,0.69
2022-11,spreadsheet,91,2159,4.215
2022-12,spreadsheet,117,3329,3.515
2023-01,spreadsheet,126,3682,3.422
2023-02,spreadsheet,85,2828,3.006
2023-03,spreadsheet,106,2727,3.887
2023-04,spreadsheet,91,2493,3.65
2023-05,spreadsheet,96,2357,4.073
2023-06,spreadsheet,92,2362,3.895
2023-07,spreadsheet,96,2560,3.75
2023-08,spreadsheet,115,3008,3.823
2023-09,spreadsheet,36,870,4.138
2022-11,spss,189,2159,8.754
2022-12,spss,177,3329,5.317
2023-01,spss,93,3682,2.526
2023-02,spss,79,2828,2.793
2023-03,spss,87,2727,3.19
2023-04,spss,66,2493,2.647
2023-05,spss,56,2357,2.376
2023-06,spss,65,2362,2.752
2023-07,spss,49,2560,1.914
2023-08,spss,86,3008,2.859
2023-09,spss,29,870,3.333
2022-11,sql,1179,2159,54.609
2022-12,sql,1686,3329,50.646
2023-01,sql,2013,3682,54.671
2023-02,sql,1434,2828,50.707
2023-03,sql,1461,2727,53.575
2023-04,sql,1206,2493,48.375
2023-05,sql,1154,2357,48.961
2023-06,sql,1163,2362,49.238
2023-07,sql,1207,2560,47.148
2023-08,sql,1657,3008,55.086
2023-09,sql,443,870,50.92
2022-11,ssis,28,2159,1.297
2022-12,ssis,53,3329,1.592
2023-01,ssis,88,3682,2.39
2023-02,ssis,68,2828,2.405
2023-03,ssis,36,2727,1.32
2023-04,ssis,42,2493,1.685
2023-05,ssis,46,2357,1.952
2023-06,ssis,56,2362,2.371
2023-07,ssis,55,2560,2.148
2023-08,ssis,54,3008,1.795
2023-09,ssis,18,870,2.069
2022-11,ssrs,31,2159,1.436
2022-12,ssrs,55,3329,1.652
2023-01,ssrs,74,3682,2.01
2023-02,ssrs,49,2828,1.733
2023-03,ssrs,43,2727,1.577
2023-04,ssrs,47,2493,1.885
2023-05,ssrs,62,2357,2.63
2023-06,ssrs,55,2362,2.329
2023-07,ssrs,49,2560,1.914
2023-08,ssrs,61,3008,2.028
2023-09,ssrs,34,870,3.908
2022-11,swift,2,2159,0.093
2022-12,swift,3,3329,0.09
2023-01,swift,96,3682,2.607
2023-02,swift,10,2828,0.354
2023-03,swift,3,2727,0.11
2023-04,swift,3,2493,0.12
2023-05,swift,3,2357,0.127
2023-06,swift,2,2362,0.085
2023-07,swift,4,2560,0.156
2023-08,swift,1,3008,0.033
2023-09,swift,2,870,0.23
2022-11,t-sql,27,2159,1.251
2022-12,t-sql,30,3329,0.901
2023-01,t-sql,52,3682,1.412
2023-02,t-sql,21,2828,0.743
2023-03,t-sql,24,2727,0.88
2023-04,t-sql,16,2493,0.642
2023-05,t-sql,13,2357,0.552
2023-06,t-sql,20,2362,0.847
2023-07,t-sql,25,2560,0.977
2023-08,t-sql,29,3008,0.964
2023-09,t-sql,6,870,0.69
2022-11,tableau,624,2159,28.902
2022-12,tableau,922,3329,27.696
2023-01,tableau,1184,3682,32.156
2023-02,tableau,725,2828,25.636
2023-03,tableau,714,2727,26.183
2023-04,tableau,680,2493,27.276
2023-05,tableau,651,2357,27.62
2023-06,tableau,693,2362,29.34
2023-07,tableau,643,2560,25.117
2023-08,tableau,861,3008,28.624
2023-09,tableau,228,870,26.207
2022-11,tensorflow,5,2159,0.232
2022-12,tensorflow,20,3329,0.601
2023-01,tensorflow,20,3682,0.543
2023-02,tensorflow,28,2828,0.99
2023-03,tensorflow,29,2727,1.063
2023-04,tensorflow,25,2493,1.003
2023-05,tensorflow,17,2357,0.721
2023-06,tensorflow,14,2362,0.593
2023-07,tensorflow,23,2560,0.898
2023-08,tensorflow,36,3008,1.197
2023-09,tensorflow,3,870,0.345
2022-11,terminal,4,2159,0.185
2022-12,terminal,6,3329,0.18
2023-01,terminal,8,3682,0.217
2023-02,terminal,3,2828,0.106
2023-03,terminal,7,2727,0.257
2023-04,terminal,7,2493,0.281
2023-05,terminal,3,2357,0.127
2023-06,terminal,2,2362,0.085
2023-07,terminal,6,2560,0.234
2023-08,terminal,11,3008,0.366
2023-09,terminal,1,870,0.115
2023-08,theano,3,3008,0.1
2022-12,tidyr,1,3329,0.03
2022-12,twilio,3,3329,0.09
2023-07,twilio,1,2560,0.039
2023-08,twilio,1,3008,0.033
2023-09,twilio,2,870,0.23
2022-12,typescript,2,3329,0.06
2023-01,typescript,2,3682,0.054
2023-05,typescript,2,2357,0.085
2023-06,typescript,4,2362,0.169
2023-08,typescript,1,3008,0.033
2022-11,unix,14,2159,0.648
2022-12,unix,24,3329,0.721
2023-01,unix,26,3682,0.706
2023-02,unix,22,2828,0.778
2023-03,unix,17,2727,0.623
2023-04,unix,20,2493,0.802
2023-05,unix,9,2357,0.382
2023-06,unix,17,2362,0.72
2023-07,unix,12,2560,0.469
2023-08,unix,22,3008,0.731
2023-09,unix,1,870,0.115
2022-11,unix/linux,3,2159,0.139
2022-12,unix/linux,7,3329,0.21
2023-01,unix/linux,5,3682,0.136
2023-02,unix/linux,2,2828,0.071
2023-03,unix/linux,2,2727,0.073
2023-04,unix/linux,2,2493,0.08
2023-05,unix/linux,5,2357,0.212
2023-07,unix/linux,3,2560,0.117
2023-08,unix/linux,1,3008,0.033
2022-11,vb.net,1,2159,0.046
2022-12,vb.net,2,3329,0.06
2023-01,vb.net,2,3682,0.054
2023-02,vb.net,1,2828,0.035
2023-03,vb.net,3,2727,0.11
2023-04,vb.net,1,2493,0.04
2023-06,vb.net,1,2362,0.042
2023-07,vb.net,1,2560,0.039
2023-08,vb.net,2,3008,0.066
2022-11,vba,104,2159,4.817
2022-12,vba,49,3329,1.472
2023-01,vba,64,3682,1.738
2023-02,vba,67,2828,2.369
2023-03,vba,72,2727,2.64
2023-04,vba,66,2493,2.647
2023-05,vba,61,2357,2.588
2023-06,vba,69,2362,2.921
2023-07,vba,77,2560,3.008
2023-08,vba,84,3008,2.793
2023-09,vba,13,870,1.494
2022-11,visio,31,2159,1.436
2022-12,visio,36,3329,1.081
2023-01,visio,34,3682,0.923
2023-02,visio,35,2828,1.238
2023-03,visio,36,2727,1.32
2023-04,visio,41,2493,1.645
2023-05,visio,35,2357,1.485
2023-06,visio,26,2362,1.101
2023-07,visio,27,2560,1.055
2023-08,visio,33,3008,1.097
2023-09,visio,9,870,1.034
2022-11,visual_basic,5,2159,0.232
2022-12,visual_basic,10,3329,0.3
2023-01,visual_basic,28,3682,0.76
2023-02,visual_basic,20,2828,0.707
2023-03,visual_basic,14,2727,0.513
2023-04,visual_basic,25,2493,1.003
2023-05,visual_basic,17,2357,0.721
2023-06,visual_basic,6,2362,0.254
2023-07,visual_basic,10,2560,0.391
2023-08,visual_basic,7,3008,0.233
2023-09,visual_basic,4,870,0.46
2022-12,vue,6,3329,0.18
2023-01,vue,1,3682,0.027
2023-02,vue,2,2828,0.071
2023-05,vue,1,2357,0.042
2023-07,vue,1,2560,0.039
2023-08,vue,2,3008,0.066
2023-09,vue,1,870,0.115
2022-12,vue.js,1,3329,0.03
2023-02,vue.js,1,2828,0.035
2022-11,word,150,2159,6.948
2022-12,word,233,3329,6.999
2023-01,word,295,3682,8.012
2023-02,word,250,2828,8.84
2023-03,word,216,2727,7.921
2023-04,word,205,2493,8.223
2023-05,word,162,2357,6.873
2023-06,word,157,2362,6.647
2023-07,word,196,2560,7.656
2023-08,word,235,3008,7.812
2023-09,word,73,870,8.391
