norm_title,skills,count,posting_count
analyst,excel,38,75
analyst,sql,33,75
analyst,tableau,26,75
analyst,sas,20,75
analyst,word,19,75
analyst,python,14,75
analyst,power_bi,8,75
analyst,r,7,75
analyst,powerpoint,6,75
analyst,spreadsheet,3,75
analyst,c,2,75
analyst,gitlab,2,75
analyst,go,2,75
analyst,outlook,2,75
analyst,pandas,2,75
analyst,pyspark,2,75
analyst,spss,2,75
analyst,vba,2,75
analyst,alteryx,1,75
analyst,css,1,75
analyst,html,1,75
analyst,javascript,1,75
analyst,js,1,75
analyst,looker,1,75
analyst,matlab,1,75
analyst,mysql,1,75
analyst,sharepoint,1,75
analyst,spark,1,75
analyst,visio,1,75
analyst data,sql,16,30
analyst data,excel,14,30
analyst data,tableau,12,30
analyst data,alteryx,4,30
analyst data,crystal,4,30
analyst data,elixir,4,30
analyst data,looker,3,30
analyst data,outlook,2,30
analyst data,power_bi,2,30
analyst data,python,2,30
analyst data,sas,2,30
analyst data,spark,2,30
analyst data,spss,2,30
analyst data,ssis,2,30
analyst data,visio,2,30
analyst data,word,2,30
analyst data,aws,1,30
analyst data,azure,1,30
analyst data,hadoop,1,30
analyst data,java,1,30
analyst data,javascript,1,30
analyst data,mysql,1,30
analyst data,r,1,30
analyst data,scala,1,30
analyst data,snowflake,1,30
analyst data,t-sql,1,30
analyst data analytics,power_bi,77,59
analyst data analytics,sql,56,59
analyst data analytics,tableau,55,59
analyst data analytics,python,52,59
analyst data analytics,r,51,59
analyst data analytics,scala,47,59
analyst data analytics,spark,47,59
analyst data analytics,excel,31,59
analyst data analytics,looker,26,59
analyst data analytics,matplotlib,24,59
analyst data analytics,nosql,24,59
analyst data analytics,sap,24,59
analyst data analytics,microstrategy,23,59
analyst data analytics,sas,23,59
analyst data analytics,powerpoint,4,59
analyst data analytics,numpy,1,59
analyst data analytics,outlook,1,59
analyst data analytics,pandas,1,59
analyst data analytics,qlik,1,59
analyst data analytics,sharepoint,1,59
analyst data analytics,snowflake,1,59
analyst data analytics,spreadsheet,1,59
analyst data analytics,ssis,1,59
analyst technology operations,tableau,22,23
analytics engineer,sql,23,27
analytics engineer,python,19,27
analytics engineer,snowflake,12,27
analytics engineer,git,9,27
analytics engineer,looker,9,27
analytics engineer,power_bi,8,27
analytics engineer,tableau,7,27
analytics engineer,airflow,6,27
analytics engineer,go,6,27
analytics engineer,aws,5,27
analytics engineer,r,5,27
analytics engineer,redshift,5,27
analytics engineer,azure,4,27
analytics engineer,bigquery,4,27
analytics engineer,c,4,27
analytics engineer,java,4,27
analytics engineer,javascript,4,27
analytics engineer,c++,3,27
analytics engineer,node.js,3,27
analytics engineer,pyspark,3,27
analytics engineer,scala,3,27
analytics engineer,crystal,2,27
analytics engineer,dax,2,27
analytics engineer,excel,2,27
analytics engineer,github,2,27
analytics engineer,html,2,27
analytics engineer,alteryx,1,27
analytics engineer,css,1,27
analytics engineer,docker,1,27
analytics engineer,gcp,1,27
analytics engineer,hadoop,1,27
analytics engineer,jquery,1,27
analytics engineer,mysql,1,27
analytics engineer,pl/sql,1,27
analytics engineer,postgresql,1,27
analytics engineer,spark,1,27
analytics engineer,unix,1,27
associate data analyst,sql,24,51
associate data analyst,excel,19,51
associate data analyst,go,14,51
associate data analyst,power_bi,14,51
associate data analyst,azure,13,51
associate data analyst,python,12,51
associate data analyst,tableau,11,51
associate data analyst,spreadsheet,7,51
associate data analyst,r,6,51
associate data analyst,alteryx,4,51
associate data analyst,aws,4,51
associate data analyst,sap,4,51
associate data analyst,pl/sql,3,51
associate data analyst,c,2,51
associate data analyst,powerpoint,2,51
associate data analyst,sas,2,51
associate data analyst,assembly,1,51
associate data analyst,cognos,1,51
associate data analyst,dax,1,51
associate data analyst,git,1,51
associate data analyst,hadoop,1,51
associate data analyst,looker,1,51
associate data analyst,nosql,1,51
associate data analyst,outlook,1,51
associate data analyst,powerpoints,1,51
associate data analyst,qlik,1,51
associate data analyst,redshift,1,51
associate data analyst,sharepoint,1,51
associate data analyst,spss,1,51
associate data analyst,t-sql,1,51
associate data analyst,visio,1,51
associate data analyst,word,1,51
associate research data analyst,excel,6,15
associate research data analyst,word,3,15
associate research data analyst,sas,2,15
associate research data analyst,sql,2,15
associate research data analyst,tableau,2,15
associate research data analyst,crystal,1,15
associate research data analyst,outlook,1,15
associate research data analyst,spreadsheet,1,15
associate research data analyst,spss,1,15
azure data analyst modelers architect,azure,16,16
bi analyst,sql,13,23
bi analyst,tableau,10,23
bi analyst,power_bi,9,23
bi analyst,excel,8,23
bi analyst,python,5,23
bi analyst,r,5,23
bi analyst,aurora,3,23
bi analyst,sap,3,23
bi analyst,snowflake,3,23
bi analyst,looker,2,23
bi analyst,ssrs,2,23
bi analyst,aws,1,23
bi analyst,azure,1,23
bi analyst,c,1,23
bi analyst,gcp,1,23
bi analyst,microstrategy,1,23
bi analyst,redshift,1,23
bi analyst,sas,1,23
bi analyst,spss,1,23
bi analyst,ssis,1,23
bi data analyst,sql,25,35
bi data analyst,tableau,19,35
bi data analyst,power_bi,17,35
bi data analyst,python,14,35
bi data analyst,azure,11,35
bi data analyst,excel,9,35
bi data analyst,looker,7,35
bi data analyst,qlik,7,35
bi data analyst,r,7,35
bi data analyst,aws,5,35
bi data analyst,java,5,35
bi data analyst,sas,5,35
bi data analyst,snowflake,5,35
bi data analyst,docker,4,35
bi data analyst,git,4,35
bi data analyst,t-sql,4,35
bi data analyst,c,3,35
bi data analyst,powerpoint,3,35
bi data analyst,spark,3,35
bi data analyst,word,3,35
bi data analyst,aurora,2,35
bi data analyst,bash,2,35
bi data analyst,hadoop,2,35
bi data analyst,jira,2,35
bi data analyst,linux,2,35
bi data analyst,mongodb,2,35
bi data analyst,node.js,2,35
bi data analyst,nosql,2,35
bi data analyst,pl/sql,2,35
bi data analyst,splunk,2,35
bi data analyst,visio,2,35
bi data analyst,cognos,1,35
bi data analyst,dax,1,35
bi data analyst,gcp,1,35
bi data analyst,go,1,35
bi data analyst,html,1,35
bi data analyst,microstrategy,1,35
bi data analyst,mysql,1,35
bi data analyst,plotly,1,35
bi data analyst,ssrs,1,35
bi data analyst,vba,1,35
big data,azure,9,16
big data,sql,9,16
big data,pyspark,8,16
big data,snowflake,8,16
big data,spark,8,16
big data,python,7,16
big data,aws,4,16
big data,go,4,16
big data,airflow,3,16
big data,ssis,3,16
big data,bash,2,16
big data,scala,2,16
big data,shell,2,16
big data,gcp,1,16
big data,git,1,16
big data,github,1,16
big data,java,1,16
big data,jira,1,16
big data,swift,1,16
big data,tableau,1,16
big data,unix,1,16
big data analyst,sql,16,16
big data analyst,tableau,7,16
big data analyst,python,6,16
big data analyst,alteryx,4,16
big data analyst,gcp,4,16
big data analyst,power_bi,4,16
big data analyst,hadoop,3,16
big data analyst,r,3,16
big data analyst,aws,2,16
big data analyst,azure,2,16
big data analyst,bigquery,2,16
big data analyst,excel,2,16
big data analyst,redshift,2,16
big data analyst,snowflake,2,16
big data analyst,looker,1,16
big data analyst,nosql,1,16
big data analyst,pyspark,1,16
big data analyst,sas,1,16
bioinformatics analyst,python,17,22
bioinformatics analyst,r,15,22
bioinformatics analyst,aws,8,22
bioinformatics analyst,power_bi,6,22
bioinformatics analyst,splunk,6,22
bioinformatics analyst,tableau,6,22
bioinformatics analyst,excel,4,22
bioinformatics analyst,sql,4,22
bioinformatics analyst,linux,3,22
bioinformatics analyst,bash,2,22
bioinformatics analyst,shell,2,22
bioinformatics analyst,docker,1,22
bioinformatics analyst,java,1,22
bioinformatics analyst,julia,1,22
bioinformatics analyst,mysql,1,22
bioinformatics analyst,perl,1,22
bioinformatics analyst,php,1,22
bioinformatics analyst,unix,1,22
budget & data analyst flexible,crystal,15,15
budget & data analyst flexible,excel,15,15
budget & data analyst flexible,outlook,15,15
budget & data analyst flexible,word,15,15
business analyst,sql,71,142
business analyst,power_bi,50,142
business analyst,excel,49,142
business analyst,tableau,37,142
business analyst,python,23,142
business analyst,azure,17,142
business analyst,visio,17,142
business analyst,word,16,142
business analyst,powerpoint,13,142
business analyst,jira,11,142
business analyst,aws,10,142
business analyst,looker,8,142
business analyst,r,8,142
business analyst,sharepoint,8,142
business analyst,ssrs,7,142
business analyst,snowflake,6,142
business analyst,c,5,142
business analyst,hadoop,5,142
business analyst,outlook,5,142
business analyst,sap,5,142
business analyst,alteryx,4,142
business analyst,qlik,4,142
business analyst,ssis,4,142
business analyst,java,3,142
business analyst,pyspark,3,142
business analyst,vba,3,142
business analyst,asp.net,2,142
business analyst,cobol,2,142
business analyst,graphql,2,142
business analyst,mssql,2,142
business analyst,php,2,142
business analyst,sas,2,142
business analyst,spark,2,142
business analyst,spreadsheet,2,142
business analyst,bigquery,1,142
business analyst,cognos,1,142
business analyst,dax,1,142
business analyst,github,1,142
business analyst,mongodb,1,142
business analyst,nosql,1,142
business analyst,redshift,1,142
business analyst healthcare data analyst,sas,18,18
business analyst healthcare data analyst,sql,18,18
business and data analyst,excel,16,25
business and data analyst,sql,16,25
business and data analyst,power_bi,15,25
business and data analyst,tableau,14,25
business and data analyst,python,12,25
business and data analyst,r,12,25
business and data analyst,t-sql,9,25
business and data analyst,azure,5,25
business and data analyst,looker,5,25
business and data analyst,snowflake,5,25
business and data analyst,jira,3,25
business and data analyst,sharepoint,3,25
business and data analyst,vba,1,25
business data analyst,sql,311,505
business data analyst,excel,185,505
business data analyst,tableau,147,505
business data analyst,power_bi,133,505
business data analyst,python,107,505
business data analyst,r,63,505
business data analyst,word,54,505
business data analyst,powerpoint,44,505
business data analyst,azure,34,505
business data analyst,sas,31,505
business data analyst,sharepoint,31,505
business data analyst,jira,24,505
business data analyst,snowflake,24,505
business data analyst,spreadsheet,24,505
business data analyst,aws,22,505
business data analyst,go,22,505
business data analyst,looker,21,505
business data analyst,outlook,20,505
business data analyst,ssrs,20,505
business data analyst,visio,19,505
business data analyst,alteryx,17,505
business data analyst,qlik,15,505
business data analyst,ssis,15,505
business data analyst,cognos,14,505
business data analyst,sap,14,505
business data analyst,dax,11,505
business data analyst,vba,10,505
business data analyst,microstrategy,9,505
business data analyst,c,8,505
business data analyst,redshift,8,505
business data analyst,t-sql,8,505
business data analyst,mysql,7,505
business data analyst,gcp,6,505
business data analyst,java,6,505
business data analyst,pyspark,6,505
business data analyst,hadoop,5,505
business data analyst,javascript,5,505
business data analyst,airflow,4,505
business data analyst,matlab,4,505
business data analyst,nosql,4,505
business data analyst,spss,4,505
business data analyst,github,3,505
business data analyst,html,3,505
business data analyst,pl/sql,3,505
business data analyst,scala,3,505
business data analyst,spark,3,505
business data analyst,c++,2,505
business data analyst,css,2,505
business data analyst,linux,2,505
business data analyst,perl,2,505
business data analyst,postgresql,2,505
business data analyst,splunk,2,505
business data analyst,unix,2,505
business data analyst,unix/linux,2,505
business data analyst,visual_basic,2,505
business data analyst,aurora,1,505
business data analyst,bigquery,1,505
business data analyst,git,1,505
business data analyst,mongodb,1,505
business data analyst,numpy,1,505
business data analyst,pandas,1,505
business data analyst,plotly,1,505
business data analyst,postgres,1,505
business data analyst,scikit-learn,1,505
business data analyst,shell,1,505
business data analyst,swift,1,505
business data analyst,vue,1,505
business information analyst,sql,14,22
business information analyst,tableau,5,22
business information analyst,sas,3,22
business information analyst,excel,2,22
business information analyst,power_bi,1,22
business information analyst,python,1,22
business information analyst,qlik,1,22
business information analyst,ssrs,1,22
business intelligence analyst,sql,206,246
business intelligence analyst,power_bi,114,246
business intelligence analyst,tableau,109,246
business intelligence analyst,excel,108,246
business intelligence analyst,python,76,246
business intelligence analyst,r,46,246
business intelligence analyst,word,26,246
business intelligence analyst,azure,25,246
business intelligence analyst,snowflake,22,246
business intelligence analyst,sas,21,246
business intelligence analyst,looker,20,246
business intelligence analyst,powerpoint,19,246
business intelligence analyst,ssrs,16,246
business intelligence analyst,hadoop,15,246
business intelligence analyst,outlook,14,246
business intelligence analyst,qlik,14,246
business intelligence analyst,jira,13,246
business intelligence analyst,sharepoint,13,246
business intelligence analyst,microstrategy,12,246
business intelligence analyst,ssis,11,246
business intelligence analyst,bigquery,10,246
business intelligence analyst,c,10,246
business intelligence analyst,nosql,10,246
business intelligence analyst,spark,10,246
business intelligence analyst,alteryx,9,246
business intelligence analyst,spss,9,246
business intelligence analyst,vba,9,246
business intelligence analyst,aws,8,246
business intelligence analyst,cognos,7,246
business intelligence analyst,spreadsheet,7,246
business intelligence analyst,redshift,6,246
business intelligence analyst,crystal,5,246
business intelligence analyst,dax,5,246
business intelligence analyst,go,5,246
business intelligence analyst,postgresql,5,246
business intelligence analyst,sap,5,246
business intelligence analyst,t-sql,5,246
business intelligence analyst,airflow,4,246
business intelligence analyst,github,3,246
business intelligence analyst,javascript,3,246
business intelligence analyst,powershell,3,246
business intelligence analyst,atlassian,2,246
business intelligence analyst,html,2,246
business intelligence analyst,java,2,246
business intelligence analyst,mssql,2,246
business intelligence analyst,css,1,246
business intelligence analyst,jquery,1,246
business intelligence analyst,jupyter,1,246
business intelligence analyst,linux,1,246
business intelligence analyst,mysql,1,246
business intelligence analyst,no-sql,1,246
business intelligence analyst,pl/sql,1,246
business intelligence analyst,scala,1,246
business intelligence analyst,visio,1,246
business intelligence data analyst,power_bi,28,29
business intelligence data analyst,sql,28,29
business intelligence data analyst,excel,16,29
business intelligence data analyst,python,12,29
business intelligence data analyst,tableau,12,29
business intelligence data analyst,r,9,29
business intelligence data analyst,dax,6,29
business intelligence data analyst,sap,6,29
business intelligence data analyst,looker,5,29
business intelligence data analyst,azure,4,29
business intelligence data analyst,alteryx,2,29
business intelligence data analyst,bigquery,2,29
business intelligence data analyst,powerpoint,2,29
business intelligence data analyst,qlik,2,29
business intelligence data analyst,snowflake,2,29
business intelligence data analyst,spreadsheet,2,29
business intelligence data analyst,c,1,29
business intelligence data analyst,go,1,29
business intelligence data analyst,postgresql,1,29
business intelligence data analyst,sas,1,29
business intelligence data analyst,sharepoint,1,29
business intelligence data analyst,ssis,1,29
business intelligence data analyst,ssrs,1,29
business intelligence data analyst,t-sql,1,29
business intelligence data analyst,vba,1,29
business intelligence data analyst,visio,1,29
business intelligence data analyst,word,1,29
business systems analyst,sql,9,15
business systems analyst,jira,6,15
business systems analyst,sap,2,15
business systems analyst,excel,1,15
business systems analyst,power_bi,1,15
business systems analyst,tableau,1,15
business systems analyst,visual_basic,1,15
business systems data analyst,power_bi,2,72
business systems data analyst,python,2,72
business systems data analyst,r,2,72
business systems data analyst,sql,2,72
business systems data analyst,azure,1,72
business systems data analyst,excel,1,72
business systems data analyst,sas,1,72
business systems data analyst,sharepoint,1,72
business systems data analyst,snowflake,1,72
business systems data analyst,tableau,1,72
business systems data analyst,vba,1,72
business systems data analyst,word,1,72
clinical data analyst,sql,43,91
clinical data analyst,tableau,33,91
clinical data analyst,excel,31,91
clinical data analyst,power_bi,22,91
clinical data analyst,sas,21,91
clinical data analyst,r,16,91
clinical data analyst,go,13,91
clinical data analyst,python,11,91
clinical data analyst,word,11,91
clinical data analyst,outlook,10,91
clinical data analyst,powerpoint,10,91
clinical data analyst,c,6,91
clinical data analyst,spreadsheet,6,91
clinical data analyst,spss,6,91
clinical data analyst,ssrs,5,91
clinical data analyst,vba,5,91
clinical data analyst,azure,4,91
clinical data analyst,java,4,91
clinical data analyst,visio,4,91
clinical data analyst,gcp,3,91
clinical data analyst,hadoop,3,91
clinical data analyst,javascript,3,91
clinical data analyst,spark,3,91
clinical data analyst,crystal,2,91
clinical data analyst,php,2,91
clinical data analyst,ssis,2,91
clinical data analyst,visual_basic,2,91
clinical data analyst,cognos,1,91
clinical data analyst,html,1,91
clinical data analyst,jquery,1,91
clinical data analyst,looker,1,91
clinical data analyst,matlab,1,91
clinical data analyst,mongodb,1,91
clinical data analyst,node,1,91
clinical data analyst,nosql,1,91
clinical data analyst,powerpoints,1,91
clinical data analyst,qlik,1,91
clinical data analyst,sap,1,91
clinical data analyst,shell,1,91
clinical data analyst,snowflake,1,91
clinical data analyst,t-sql,1,91
clinical data analyst,vue,1,91
consumer research & data analyst,power_bi,21,21
consumer research & data analyst,sql,21,21
data analysis,excel,11,59
data analysis,python,8,59
data analysis,power_bi,4,59
data analysis,sql,4,59
data analysis,powerpoint,3,59
data analysis,r,3,59
data analysis,tableau,3,59
data analysis,spss,2,59
data analysis,word,2,59
data analysis,azure,1,59
data analysis,go,1,59
data analysis,jupyter,1,59
data analysis,pandas,1,59
data analysis,spreadsheet,1,59
data analysis,visio,1,59
data analyst,sql,4953,8018
data analyst,excel,3180,8018
data analyst,power_bi,3156,8018
data analyst,python,2956,8018
data analyst,tableau,2581,8018
data analyst,r,1719,8018
data analyst,sas,909,8018
data analyst,snowflake,679,8018
data analyst,word,570,8018
data analyst,powerpoint,545,8018
data analyst,looker,504,8018
data analyst,aws,451,8018
data analyst,azure,446,8018
data analyst,spark,440,8018
data analyst,spss,398,8018
data analyst,scala,373,8018
data analyst,go,302,8018
data analyst,sap,295,8018
data analyst,spreadsheet,293,8018
data analyst,javascript,267,8018
data analyst,c,256,8018
data analyst,alteryx,236,8018
data analyst,vba,235,8018
data analyst,bigquery,216,8018
data analyst,jira,210,8018
data analyst,mysql,202,8018
data analyst,sharepoint,200,8018
data analyst,java,194,8018
data analyst,qlik,186,8018
data analyst,ssis,185,8018
data analyst,ssrs,177,8018
data analyst,outlook,171,8018
data analyst,nosql,162,8018
data analyst,hadoop,161,8018
data analyst,redshift,146,8018
data analyst,gcp,120,8018
data analyst,cognos,114,8018
data analyst,pandas,111,8018
data analyst,visio,110,8018
data analyst,dax,107,8018
data analyst,matlab,103,8018
data analyst,matplotlib,88,8018
data analyst,crystal,86,8018
data analyst,microstrategy,86,8018
data analyst,t-sql,86,8018
data analyst,postgresql,85,8018
data analyst,pl/sql,71,8018
data analyst,git,70,8018
data analyst,github,67,8018
data analyst,airflow,63,8018
data analyst,numpy,62,8018
data analyst,html,60,8018
data analyst,linux,54,8018
data analyst,c++,53,8018
data analyst,postgres,53,8018
data analyst,unix,52,8018
data analyst,pyspark,47,8018
data analyst,powershell,45,8018
data analyst,shell,43,8018
data analyst,tensorflow,42,8018
data analyst,jupyter,39,8018
data analyst,splunk,39,8018
data analyst,scikit-learn,38,8018
data analyst,visual_basic,34,8018
data analyst,docker,31,8018
data analyst,gitlab,26,8018
data analyst,css,23,8018
data analyst,mongodb,23,8018
data analyst,assembly,22,8018
data analyst,perl,22,8018
data analyst,mssql,20,8018
data analyst,atlassian,19,8018
data analyst,gdpr,18,8018
data analyst,plotly,17,8018
data analyst,bitbucket,15,8018
data analyst,terminal,14,8018
data analyst,nuix,13,8018
data analyst,unix/linux,13,8018
data analyst,bash,12,8018
data analyst,seaborn,12,8018
data analyst,ggplot2,11,8018
data analyst,ruby,11,8018
data analyst,aurora,10,8018
data analyst,php,9,8018
data analyst,swift,9,8018
data analyst,julia,8,8018
data analyst,asp.net,7,8018
data analyst,mongo,7,8018
data analyst,selenium,7,8018
data analyst,c/c++,6,8018
data analyst,pytorch,6,8018
data analyst,nltk,5,8018
data analyst,cobol,4,8018
data analyst,groovy,4,8018
data analyst,no-sql,4,8018
data analyst,node.js,4,8018
data analyst,rshiny,4,8018
data analyst,jquery,3,8018
data analyst,linux/unix,3,8018
data analyst,redis,3,8018
data analyst,datarobot,2,8018
data analyst,dplyr,2,8018
data analyst,golang,2,8018
data analyst,js,2,8018
data analyst,typescript,2,8018
data analyst,vb.net,2,8018
data analyst,vue,2,8018
data analyst,dart,1,8018
data analyst,delphi,1,8018
data analyst,elixir,1,8018
data analyst,erlang,1,8018
data analyst,fortran,1,8018
data analyst,graphql,1,8018
data analyst,keras,1,8018
data analyst,node,1,8018
data analyst business intelligence,sql,38,39
data analyst business intelligence,excel,28,39
data analyst business intelligence,snowflake,27,39
data analyst business intelligence,aws,26,39
data analyst business intelligence,hadoop,26,39
data analyst business intelligence,microstrategy,26,39
data analyst business intelligence,tableau,6,39
data analyst business intelligence,power_bi,5,39
data analyst business intelligence,python,4,39
data analyst business intelligence,r,4,39
data analyst business intelligence,looker,2,39
data analyst business intelligence,sas,2,39
data analyst business intelligence,spreadsheet,2,39
data analyst business intelligence,alteryx,1,39
data analyst business intelligence,azure,1,39
data analyst business intelligence,bigquery,1,39
data analyst business intelligence,cognos,1,39
data analyst business intelligence,vb.net,1,39
data analyst business optimization,excel,99,99
data analyst business optimization,microstrategy,99,99
data analyst business optimization,powerpoint,99,99
data analyst business optimization,sql,99,99
data analyst business optimization,swift,99,99
data analyst business optimization,tableau,99,99
data analyst cox business,excel,27,27
data analyst cox business,tableau,27,27
data analyst cox communities,alteryx,31,31
data analyst cox communities,sql,31,31
data analyst cox communities,tableau,31,31
data analyst data analytics,sql,18,18
data analyst data analytics,mssql,16,18
data analyst data analytics,sap,10,18
data analyst data analytics,excel,9,18
data analyst data analytics,java,7,18
data analyst data analytics,vba,7,18
data analyst data analytics,c,6,18
data analyst data analytics,alteryx,1,18
data analyst data analytics,python,1,18
data analyst data analytics,r,1,18
data analyst data analytics,tableau,1,18
data analyst data scientist,python,14,17
data analyst data scientist,sql,12,17
data analyst data scientist,power_bi,7,17
data analyst data scientist,excel,4,17
data analyst data scientist,r,4,17
data analyst data scientist,tableau,4,17
data analyst data scientist,aws,3,17
data analyst data scientist,powerpoint,3,17
data analyst data scientist,numpy,2,17
data analyst data scientist,pandas,2,17
data analyst data scientist,pyspark,2,17
data analyst data scientist,sap,2,17
data analyst data scientist,scikit-learn,2,17
data analyst data scientist,snowflake,2,17
data analyst data scientist,hadoop,1,17
data analyst data scientist,nosql,1,17
data analyst data scientist,plotly,1,17
data analyst data scientist,qlik,1,17
data analyst data scientist,rshiny,1,17
data analyst data scientist,spark,1,17
data analyst data scientist,spreadsheet,1,17
data analyst data scientist,word,1,17
data analyst engineer,sql,21,39
data analyst engineer,excel,17,39
data analyst engineer,outlook,13,39
data analyst engineer,powerpoint,13,39
data analyst engineer,sharepoint,13,39
data analyst engineer,python,10,39
data analyst engineer,tableau,9,39
data analyst engineer,aws,7,39
data analyst engineer,azure,7,39
data analyst engineer,power_bi,7,39
data analyst engineer,r,6,39
data analyst engineer,redshift,5,39
data analyst engineer,spark,5,39
data analyst engineer,git,4,39
data analyst engineer,hadoop,4,39
data analyst engineer,java,4,39
data analyst engineer,mongodb,4,39
data analyst engineer,scala,4,39
data analyst engineer,ssis,4,39
data analyst engineer,bigquery,3,39
data analyst engineer,dax,3,39
data analyst engineer,looker,3,39
data analyst engineer,snowflake,3,39
data analyst engineer,ssrs,3,39
data analyst engineer,asp.net,2,39
data analyst engineer,javascript,2,39
data analyst engineer,t-sql,2,39
data analyst engineer,gcp,1,39
data analyst engineer,jupyter,1,39
data analyst engineer,linux,1,39
data analyst engineer,nosql,1,39
data analyst engineer,pandas,1,39
data analyst engineer,postgresql,1,39
data analyst engineer,pyspark,1,39
data analyst engineer,visio,1,39
data analyst finance,sql,19,19
data analyst finance,python,14,19
data analyst finance,tableau,12,19
data analyst finance,snowflake,11,19
data analyst finance,power_bi,6,19
data analyst finance,r,4,19
data analyst finance,excel,3,19
data analyst finance,looker,3,19
data analyst finance,powerpoint,3,19
data analyst finance,alteryx,2,19
data analyst finance,bigquery,2,19
data analyst finance,dax,2,19
data analyst finance,spreadsheet,2,19
data analyst finance,cognos,1,19
data analyst finance,microstrategy,1,19
data analyst finance,sas,1,19
data analyst firm analytics,sql,50,50
data analyst firm analytics,snowflake,33,50
data analyst firm analytics,python,27,50
data analyst firm analytics,r,27,50
data analyst firm analytics,tableau,27,50
data analyst firm analytics,aws,17,50
data analyst firm analytics,azure,17,50
data analyst firm analytics,excel,17,50
data analyst firm analytics,power_bi,17,50
data analyst firm analytics,sas,10,50
data analyst firm analytics,spss,10,50
data analyst global learning management,tableau,18,18
data analyst global learning management,word,2,18
data analyst intern,sql,28,66
data analyst intern,excel,17,66
data analyst intern,power_bi,15,66
data analyst intern,python,13,66
data analyst intern,tableau,11,66
data analyst intern,r,8,66
data analyst intern,aws,5,66
data analyst intern,c,5,66
data analyst intern,mssql,5,66
data analyst intern,ssrs,5,66
data analyst intern,outlook,4,66
data analyst intern,t-sql,4,66
data analyst intern,word,4,66
data analyst intern,cognos,3,66
data analyst intern,mysql,3,66
data analyst intern,nosql,3,66
data analyst intern,powerpoint,3,66
data analyst intern,redshift,3,66
data analyst intern,snowflake,3,66
data analyst intern,spark,3,66
data analyst intern,spreadsheet,3,66
data analyst intern,alteryx,2,66
data analyst intern,aurora,2,66
data analyst intern,mongodb,2,66
data analyst intern,qlik,2,66
data analyst intern,sas,2,66
data analyst intern,visio,2,66
data analyst intern,c++,1,66
data analyst intern,dax,1,66
data analyst intern,html,1,66
data analyst intern,java,1,66
data analyst intern,looker,1,66
data analyst intern,powershell,1,66
data analyst manager,excel,5,19
data analyst manager,sql,5,19
data analyst manager,tableau,5,19
data analyst manager,go,3,19
data analyst manager,python,3,19
data analyst manager,qlik,3,19
data analyst manager,sap,3,19
data analyst manager,alteryx,2,19
data analyst manager,c,2,19
data analyst manager,power_bi,2,19
data analyst manager,r,2,19
data analyst manager,aws,1,19
data analyst manager,css,1,19
data analyst manager,docker,1,19
data analyst manager,git,1,19
data analyst manager,html,1,19
data analyst manager,javascript,1,19
data analyst manager,linux,1,19
data analyst manager,postgres,1,19
data analyst manager,vue,1,19
data analyst marketing,sql,12,15
data analyst marketing,python,11,15
data analyst marketing,looker,6,15
data analyst marketing,r,6,15
data analyst marketing,snowflake,6,15
data analyst marketing,tableau,5,15
data analyst marketing,bigquery,3,15
data analyst marketing,power_bi,3,15
data analyst marketing,airflow,2,15
data analyst marketing,excel,2,15
data analyst marketing,powerpoint,2,15
data analyst marketing,redshift,2,15
data analyst marketing,aws,1,15
data analyst marketing,azure,1,15
data analyst marketing,dax,1,15
data analyst marketing,gcp,1,15
data analyst marketing,git,1,15
data analyst marketing,jupyter,1,15
data analyst marketing,outlook,1,15
data analyst marketing,pandas,1,15
data analyst marketing,sas,1,15
data analyst marketing,scikit-learn,1,15
data analyst marketing,sharepoint,1,15
data analyst marketing,visio,1,15
data analyst marketing,word,1,15
data analyst marketing operations,jira,272,272
data analyst marketing operations,microstrategy,272,272
data analyst marketing operations,sql,272,272
data analyst marketing operations,tableau,272,272
data analyst merchandising,excel,25,25
data analyst merchandising,r,24,25
data analyst merchandising,sas,24,25
data analyst merchandising,spss,24,25
data analyst merchandising,sql,24,25
data analyst merchandising,tableau,24,25
data analyst needed,excel,2,26
data analyst needed,go,1,26
data analyst needed,power_bi,1,26
data analyst needed,python,1,26
data analyst needed,sql,1,26
data analyst or,sql,20,38
data analyst or,python,15,38
data analyst or,excel,14,38
data analyst or,r,10,38
data analyst or,sas,8,38
data analyst or,aws,6,38
data analyst or,javascript,6,38
data analyst or,looker,6,38
data analyst or,power_bi,6,38
data analyst or,ruby,6,38
data analyst or,tableau,6,38
data analyst or,vue,6,38
data analyst or,spreadsheet,4,38
data analyst or,alteryx,3,38
data analyst or,powerpoint,3,38
data analyst or,ssrs,3,38
data analyst or,vba,3,38
data analyst or,word,3,38
data analyst or,azure,2,38
data analyst or,go,2,38
data analyst or,github,1,38
data analyst or,hadoop,1,38
data analyst or,sharepoint,1,38
data analyst or,snowflake,1,38
data analyst product,sql,18,22
data analyst product,looker,14,22
data analyst product,python,12,22
data analyst product,r,10,22
data analyst product,power_bi,8,22
data analyst product,c,7,22
data analyst product,tableau,7,22
data analyst product,excel,5,22
data analyst product,snowflake,5,22
data analyst product,aws,4,22
data analyst product,bigquery,4,22
data analyst product,powerpoint,4,22
data analyst product,sas,4,22
data analyst product,spreadsheet,4,22
data analyst product,spss,4,22
data analyst product,docker,3,22
data analyst product,redshift,3,22
data analyst product,azure,1,22
data analyst product,git,1,22
data analyst product,mysql,1,22
data analyst report writer,sql,11,27
data analyst report writer,excel,10,27
data analyst report writer,word,9,27
data analyst report writer,tableau,7,27
data analyst report writer,sas,6,27
data analyst report writer,azure,5,27
data analyst report writer,power_bi,4,27
data analyst report writer,powerpoint,4,27
data analyst report writer,ssis,4,27
data analyst report writer,outlook,3,27
data analyst report writer,python,3,27
data analyst report writer,bitbucket,1,27
data analyst report writer,c,1,27
data analyst report writer,git,1,27
data analyst report writer,jira,1,27
data analyst report writer,ssrs,1,27
data analyst solutions design team,gcp,29,29
data analyst solutions design team,looker,29,29
data analyst solutions design team,power_bi,29,29
data analyst solutions design team,python,29,29
data analyst solutions design team,r,29,29
data analyst solutions design team,scala,29,29
data analyst solutions design team,spark,29,29
data analyst solutions design team,sql,29,29
data analyst solutions design team,tableau,29,29
data analyst strategy,sql,16,16
data analyst strategy,tableau,16,16
data analyst strategy,python,15,16
data analyst strategy,snowflake,15,16
data analyst strategy,looker,1,16
data analyst strategy,microstrategy,1,16
data analyst supply chain,power_bi,15,19
data analyst supply chain,sql,15,19
data analyst supply chain,excel,10,19
data analyst supply chain,alteryx,7,19
data analyst supply chain,tableau,7,19
data analyst supply chain,vba,7,19
data analyst supply chain,python,5,19
data analyst supply chain,r,5,19
data analyst supply chain,ssrs,5,19
data analyst supply chain,sap,4,19
data analyst supply chain,c,2,19
data analyst supply chain,c++,2,19
data analyst supply chain,java,2,19
data analyst supply chain,perl,2,19
data analyst supply chain,powerpoint,2,19
data analyst supply chain,sas,2,19
data analyst swisslog,excel,28,28
data analyst swisslog,power_bi,28,28
data analyst swisslog,powerpoint,28,28
data analyst swisslog,python,28,28
data analyst swisslog,r,28,28
data analyst swisslog,sql,28,28
data analyst swisslog,tableau,28,28
data analyst swisslog,word,28,28
data analyst tech,power_bi,28,21
data analyst tech,python,21,21
data analyst tech,sql,21,21
data analyst tech,tableau,21,21
data analyst tech,r,7,21
data analyst tech,scala,6,21
data analyst tech,spark,6,21
data analyst telecommute jobs,excel,29,31
data analyst telecommute jobs,sql,15,31
data analyst telecommute jobs,pl/sql,14,31
data analyst telecommute jobs,spreadsheet,14,31
data analyst telecommute jobs,unix,14,31
data analyst telecommute jobs,aws,11,31
data analyst telecommute jobs,python,11,31
data analyst telecommute jobs,git,10,31
data analyst telecommute jobs,sas,7,31
data analyst telecommute jobs,r,6,31
data analyst telecommute jobs,qlik,1,31
data analyst transportation optimization,power_bi,42,42
data analyst transportation optimization,python,42,42
data analyst transportation optimization,r,42,42
data analyst transportation optimization,scala,42,42
data analyst transportation optimization,spark,42,42
data analyst transportation optimization,sql,42,42
data analyst transportation optimization,tableau,42,42
data analyst us,excel,7,17
data analyst us,power_bi,6,17
data analyst us,sql,6,17
data analyst us,tableau,6,17
data analyst us,aws,5,17
data analyst us,r,4,17
data analyst us,dax,3,17
data analyst us,mssql,3,17
data analyst us,mysql,3,17
data analyst us,python,3,17
data analyst us,qlik,3,17
data analyst us,ssis,3,17
data analyst us,ssrs,3,17
data analyst us,t-sql,3,17
data analyst us,spark,2,17
data analyst us,azure,1,17
data analyst us,gcp,1,17
data analyst us,matlab,1,17
data analyst us,nosql,1,17
data analyst us,pandas,1,17
data analyst us,powerpoint,1,17
data analyst us,sap,1,17
data analyst us,spss,1,17
data analyst us,word,1,17
data analyst with security clearance,sql,18,32
data analyst with security clearance,python,14,32
data analyst with security clearance,r,10,32
data analyst with security clearance,aws,7,32
data analyst with security clearance,excel,7,32
data analyst with security clearance,tableau,7,32
data analyst with security clearance,java,6,32
data analyst with security clearance,azure,5,32
data analyst with security clearance,c++,4,32
data analyst with security clearance,javascript,4,32
data analyst with security clearance,docker,3,32
data analyst with security clearance,git,3,32
data analyst with security clearance,postgres,3,32
data analyst with security clearance,sas,3,32
data analyst with security clearance,aurora,2,32
data analyst with security clearance,c,2,32
data analyst with security clearance,mongodb,2,32
data analyst with security clearance,nosql,2,32
data analyst with security clearance,outlook,2,32
data analyst with security clearance,spreadsheet,2,32
data analyst with security clearance,word,2,32
data analyst with security clearance,c/c++,1,32
data analyst with security clearance,crystal,1,32
data analyst with security clearance,go,1,32
data analyst with security clearance,jira,1,32
data analyst with security clearance,jupyter,1,32
data analyst with security clearance,matlab,1,32
data analyst with security clearance,pl/sql,1,32
data analyst with security clearance,power_bi,1,32
data analyst with security clearance,powerpoint,1,32
data analyst with security clearance,qlik,1,32
data analyst with security clearance,splunk,1,32
data analyst with security clearance,ssis,1,32
data analyst with security clearance,unix,1,32
data analytics,sql,28,60
data analytics,python,26,60
data analytics,tableau,23,60
data analytics,alteryx,13,60
data analytics,numpy,13,60
data analytics,pandas,13,60
data analytics,excel,12,60
data analytics,ggplot2,12,60
data analytics,r,12,60
data analytics,scikit-learn,12,60
data analytics,power_bi,10,60
data analytics,sas,7,60
data analytics,aws,6,60
data analytics,vba,5,60
data analytics,snowflake,3,60
data analytics,spss,3,60
data analytics,word,3,60
data analytics,airflow,2,60
data analytics,azure,2,60
data analytics,gcp,2,60
data analytics,javascript,2,60
data analytics,c,1,60
data analytics,gdpr,1,60
data analytics,hadoop,1,60
data analytics,jira,1,60
data analytics,looker,1,60
data analytics,pl/sql,1,60
data analytics,pyspark,1,60
data analytics,qlik,1,60
data analytics,redshift,1,60
data analytics,sap,1,60
data analytics,sharepoint,1,60
data analytics analyst,sql,31,39
data analytics analyst,tableau,24,39
data analytics analyst,python,20,39
data analytics analyst,r,19,39
data analytics analyst,power_bi,18,39
data analytics analyst,sas,18,39
data analytics analyst,snowflake,17,39
data analytics analyst,spss,17,39
data analytics analyst,ssis,8,39
data analytics analyst,excel,6,39
data analytics analyst,alteryx,2,39
data analytics analyst,powerpoint,2,39
data analytics analyst,go,1,39
data analytics analyst,javascript,1,39
data analytics analyst,looker,1,39
data analytics analyst,qlik,1,39
data analytics engineer,tableau,25,39
data analytics engineer,sql,16,39
data analytics engineer,python,9,39
data analytics engineer,power_bi,7,39
data analytics engineer,airflow,5,39
data analytics engineer,aws,5,39
data analytics engineer,excel,5,39
data analytics engineer,snowflake,5,39
data analytics engineer,azure,4,39
data analytics engineer,bigquery,4,39
data analytics engineer,qlik,4,39
data analytics engineer,r,4,39
data analytics engineer,redshift,4,39
data analytics engineer,spark,4,39
data analytics engineer,c,2,39
data analytics engineer,git,2,39
data analytics engineer,go,2,39
data analytics engineer,html,2,39
data analytics engineer,javascript,2,39
data analytics engineer,looker,2,39
data analytics engineer,cognos,1,39
data analytics engineer,hadoop,1,39
data analytics engineer,matlab,1,39
data analytics engineer,nosql,1,39
data analytics engineer,pyspark,1,39
data analytics engineer,sap,1,39
data analytics engineer,ssis,1,39
data analytics engineer,terminal,1,39
data analytics manager,sql,10,17
data analytics manager,python,7,17
data analytics manager,tableau,7,17
data analytics manager,power_bi,6,17
data analytics manager,excel,3,17
data analytics manager,r,3,17
data analytics manager,sas,3,17
data analytics manager,snowflake,3,17
data analytics manager,airflow,2,17
data analytics manager,go,2,17
data analytics manager,hadoop,2,17
data analytics manager,spark,2,17
data analytics manager,spss,2,17
data analytics manager,alteryx,1,17
data analytics manager,azure,1,17
data analytics manager,bigquery,1,17
data analytics manager,gcp,1,17
data analytics manager,javascript,1,17
data analytics manager,jupyter,1,17
data analytics manager,looker,1,17
data analytics manager,mongodb,1,17
data analytics manager,outlook,1,17
data analytics manager,pandas,1,17
data analytics manager,powerpoint,1,17
data analytics manager,sap,1,17
data analytics manager,word,1,17
data and reporting analyst,excel,23,29
data and reporting analyst,sql,20,29
data and reporting analyst,cognos,15,29
data and reporting analyst,tableau,11,29
data and reporting analyst,crystal,10,29
data and reporting analyst,sas,10,29
data and reporting analyst,power_bi,9,29
data and reporting analyst,ssrs,7,29
data and reporting analyst,azure,2,29
data and reporting analyst,c,2,29
data and reporting analyst,dax,2,29
data and reporting analyst,go,1,29
data and reporting analyst,outlook,1,29
data and reporting analyst,python,1,29
data and reporting analyst,r,1,29
data and reporting analyst,sap,1,29
data and reporting analyst,twilio,1,29
data and reporting analyst,word,1,29
data architect,sql,12,15
data architect,aws,8,15
data architect,snowflake,8,15
data architect,azure,6,15
data architect,power_bi,4,15
data architect,ssis,4,15
data architect,c++,3,15
data architect,git,3,15
data architect,java,3,15
data architect,nosql,3,15
data architect,powershell,3,15
data architect,python,3,15
data architect,ssrs,3,15
data architect,c,2,15
data architect,go,2,15
data architect,linux/unix,2,15
data architect,redshift,2,15
data architect,ruby,2,15
data architect,airflow,1,15
data architect,docker,1,15
data architect,graphql,1,15
data architect,html,1,15
data architect,javascript,1,15
data architect,mysql,1,15
data architect,no-sql,1,15
data architect,postgresql,1,15
data architect,pyspark,1,15
data architect,spark,1,15
data architect,splunk,1,15
data architect,tableau,1,15
data business analyst,sql,15,19
data business analyst,excel,8,19
data business analyst,power_bi,5,19
data business analyst,tableau,4,19
data business analyst,python,3,19
data business analyst,r,3,19
data business analyst,visio,3,19
data business analyst,azure,2,19
data business analyst,jira,2,19
data business analyst,scala,2,19
data business analyst,unix,2,19
data business analyst,vba,2,19
data business analyst,word,2,19
data business analyst,aws,1,19
data business analyst,c,1,19
data business analyst,java,1,19
data business analyst,mysql,1,19
data business analyst,qlik,1,19
data business analyst,redshift,1,19
data business analyst,shell,1,19
data business analyst,snowflake,1,19
data business analyst,ssis,1,19
data engineer,sql,155,196
data engineer,python,148,196
data engineer,aws,86,196
data engineer,spark,73,196
data engineer,azure,52,196
data engineer,airflow,47,196
data engineer,snowflake,42,196
data engineer,scala,41,196
data engineer,hadoop,38,196
data engineer,java,36,196
data engineer,nosql,32,196
data engineer,gcp,31,196
data engineer,power_bi,31,196
data engineer,redshift,29,196
data engineer,tableau,26,196
data engineer,r,25,196
data engineer,postgres,23,196
data engineer,git,20,196
data engineer,pyspark,19,196
data engineer,bigquery,16,196
data engineer,docker,15,196
data engineer,pandas,15,196
data engineer,ssis,13,196
data engineer,c,11,196
data engineer,excel,11,196
data engineer,mongodb,11,196
data engineer,c++,9,196
data engineer,go,9,196
data engineer,postgresql,9,196
data engineer,github,8,196
data engineer,linux,8,196
data engineer,alteryx,6,196
data engineer,javascript,6,196
data engineer,qlik,6,196
data engineer,numpy,5,196
data engineer,pl/sql,5,196
data engineer,shell,5,196
data engineer,t-sql,5,196
data engineer,jira,4,196
data engineer,jupyter,4,196
data engineer,redis,4,196
data engineer,sap,4,196
data engineer,bash,3,196
data engineer,looker,3,196
data engineer,mysql,3,196
data engineer,powershell,3,196
data engineer,sas,3,196
data engineer,ssrs,3,196
data engineer,tensorflow,3,196
data engineer,aurora,2,196
data engineer,bitbucket,2,196
data engineer,dax,2,196
data engineer,gdpr,2,196
data engineer,kotlin,2,196
data engineer,matlab,2,196
data engineer,no-sql,2,196
data engineer,ruby,2,196
data engineer,rust,2,196
data engineer,scikit-learn,2,196
data engineer,twilio,2,196
data engineer,asp.net,1,196
data engineer,assembly,1,196
data engineer,atlassian,1,196
data engineer,gitlab,1,196
data engineer,golang,1,196
data engineer,graphql,1,196
data engineer,haskell,1,196
data engineer,keras,1,196
data engineer,matplotlib,1,196
data engineer,microstrategy,1,196
data engineer,mssql,1,196
data engineer,nltk,1,196
data engineer,node.js,1,196
data engineer,perl,1,196
data engineer,php,1,196
data engineer,seaborn,1,196
data engineer,solidity,1,196
data engineer,spss,1,196
data engineer,unix,1,196
data engineer,unix/linux,1,196
data engineer,visual_basic,1,196
data engineer,vue,1,196
data governance analyst,sql,57,136
data governance analyst,excel,38,136
data governance analyst,power_bi,24,136
data governance analyst,tableau,16,136
data governance analyst,go,13,136
data governance analyst,python,11,136
data governance analyst,word,10,136
data governance analyst,powerpoint,8,136
data governance analyst,sharepoint,8,136
data governance analyst,aws,7,136
data governance analyst,jira,6,136
data governance analyst,azure,5,136
data governance analyst,r,5,136
data governance analyst,c,4,136
data governance analyst,gdpr,4,136
data governance analyst,outlook,4,136
data governance analyst,visio,4,136
data governance analyst,sap,3,136
data governance analyst,snowflake,3,136
data governance analyst,spreadsheet,3,136
data governance analyst,vba,3,136
data governance analyst,docker,2,136
data governance analyst,java,2,136
data governance analyst,looker,2,136
data governance analyst,postgres,2,136
data governance analyst,qlik,2,136
data governance analyst,sas,2,136
data governance analyst,alteryx,1,136
data governance analyst,atlassian,1,136
data governance analyst,c++,1,136
data governance analyst,cognos,1,136
data governance analyst,css,1,136
data governance analyst,gcp,1,136
data governance analyst,hadoop,1,136
data governance analyst,linux,1,136
data governance analyst,microstrategy,1,136
data governance analyst,mysql,1,136
data governance analyst,pytorch,1,136
data governance analyst,redshift,1,136
data governance analyst,spark,1,136
data governance analyst,unix/linux,1,136
data integration analyst,sql,15,21
data integration analyst,power_bi,8,21
data integration analyst,azure,7,21
data integration analyst,c,6,21
data integration analyst,ssis,6,21
data integration analyst,unix,5,21
data integration analyst,aws,4,21
data integration analyst,ssrs,3,21
data integration analyst,excel,2,21
data integration analyst,assembly,1,21
data integration analyst,git,1,21
data integration analyst,mysql,1,21
data integration analyst,python,1,21
data integration analyst,snowflake,1,21
data integration analyst,spark,1,21
data integration analyst,vba,1,21
data management analyst,sql,26,54
data management analyst,excel,16,54
data management analyst,word,9,54
data management analyst,tableau,7,54
data management analyst,powerpoint,6,54
data management analyst,python,5,54
data management analyst,r,5,54
data management analyst,aws,4,54
data management analyst,azure,4,54
data management analyst,gcp,3,54
data management analyst,power_bi,3,54
data management analyst,spreadsheet,3,54
data management analyst,c,2,54
data management analyst,go,2,54
data management analyst,sap,2,54
data management analyst,sas,2,54
data management analyst,snowflake,2,54
data management analyst,ssrs,2,54
data management analyst,bash,1,54
data management analyst,hadoop,1,54
data management analyst,jira,1,54
data management analyst,mongo,1,54
data management analyst,mongodb,1,54
data management analyst,mysql,1,54
data management analyst,nosql,1,54
data management analyst,outlook,1,54
data management analyst,perl,1,54
data management analyst,postgres,1,54
data management analyst,sharepoint,1,54
data management analyst,spark,1,54
data management analyst,terminal,1,54
data management analyst,visual_basic,1,54
data migration analyst,sql,15,16
data migration analyst,aws,11,16
data migration analyst,python,10,16
data migration analyst,scala,10,16
data migration analyst,go,8,16
data migration analyst,excel,2,16
data migration analyst,ssis,2,16
data migration analyst,azure,1,16
data migration analyst,javascript,1,16
data migration analyst,linux,1,16
data migration analyst,postgresql,1,16
data migration analyst,splunk,1,16
data migration analyst,t-sql,1,16
data modeler,sql,8,15
data modeler,snowflake,6,15
data modeler,aws,4,15
data modeler,python,4,15
data modeler,sap,4,15
data modeler,hadoop,3,15
data modeler,javascript,2,15
data modeler,microstrategy,2,15
data modeler,nosql,2,15
data modeler,power_bi,2,15
data modeler,azure,1,15
data modeler,mysql,1,15
data modeler,postgresql,1,15
data modeler,r,1,15
data modeler,redshift,1,15
data modeler,spark,1,15
data modeler,visio,1,15
data quality analyst,sql,65,105
data quality analyst,excel,33,105
data quality analyst,tableau,22,105
data quality analyst,azure,20,105
data quality analyst,power_bi,16,105
data quality analyst,python,15,105
data quality analyst,aws,11,105
data quality analyst,ssrs,11,105
data quality analyst,sap,9,105
data quality analyst,spss,8,105
data quality analyst,word,8,105
data quality analyst,ssis,7,105
data quality analyst,alteryx,5,105
data quality analyst,looker,5,105
data quality analyst,powerpoint,5,105
data quality analyst,hadoop,3,105
data quality analyst,sas,3,105
data quality analyst,cognos,2,105
data quality analyst,go,2,105
data quality analyst,outlook,2,105
data quality analyst,r,2,105
data quality analyst,redshift,2,105
data quality analyst,sharepoint,2,105
data quality analyst,spark,2,105
data quality analyst,spreadsheet,2,105
data quality analyst,t-sql,2,105
data quality analyst,visio,2,105
data quality analyst,bigquery,1,105
data quality analyst,c,1,105
data quality analyst,gcp,1,105
data quality analyst,javascript,1,105
data quality analyst,jira,1,105
data quality analyst,pandas,1,105
data quality analyst,pl/sql,1,105
data quality analyst,qlik,1,105
data quality analyst,shell,1,105
data quality analyst,snowflake,1,105
data quality analyst,unix,1,105
data quality analyst,vba,1,105
data reporting analyst,sql,26,45
data reporting analyst,excel,17,45
data reporting analyst,power_bi,15,45
data reporting analyst,tableau,14,45
data reporting analyst,word,7,45
data reporting analyst,azure,5,45
data reporting analyst,python,5,45
data reporting analyst,powerpoint,4,45
data reporting analyst,ssrs,4,45
data reporting analyst,go,3,45
data reporting analyst,outlook,3,45
data reporting analyst,sap,3,45
data reporting analyst,sas,3,45
data reporting analyst,ssis,3,45
data reporting analyst,crystal,2,45
data reporting analyst,qlik,2,45
data reporting analyst,r,2,45
data reporting analyst,redshift,2,45
data reporting analyst,spreadsheet,2,45
data reporting analyst,alteryx,1,45
data reporting analyst,bigquery,1,45
data reporting analyst,jira,1,45
data reporting analyst,jupyter,1,45
data reporting analyst,matplotlib,1,45
data reporting analyst,mysql,1,45
data reporting analyst,numpy,1,45
data reporting analyst,snowflake,1,45
data reporting analyst,spss,1,45
data reporting analyst,visio,1,45
data science,python,9,21
data science,r,5,21
data science,sql,5,21
data science,tableau,3,21
data science,azure,2,21
data science,aws,1,21
data science,c++,1,21
data science,hadoop,1,21
data science,java,1,21
data science,node,1,21
data science,numpy,1,21
data science,pandas,1,21
data science,pytorch,1,21
data science,sas,1,21
data science,scala,1,21
data science,scikit-learn,1,21
data science,selenium,1,21
data science analyst,sql,36,72
data science analyst,python,34,72
data science analyst,r,26,72
data science analyst,tableau,16,72
data science analyst,power_bi,15,72
data science analyst,excel,11,72
data science analyst,azure,10,72
data science analyst,aws,8,72
data science analyst,snowflake,7,72
data science analyst,sas,6,72
data science analyst,spark,5,72
data science analyst,git,4,72
data science analyst,matlab,4,72
data science analyst,shell,4,72
data science analyst,spss,4,72
data science analyst,unix,4,72
data science analyst,jupyter,3,72
data science analyst,alteryx,2,72
data science analyst,cognos,2,72
data science analyst,docker,2,72
data science analyst,javascript,2,72
data science analyst,matplotlib,2,72
data science analyst,numpy,2,72
data science analyst,pandas,2,72
data science analyst,plotly,2,72
data science analyst,pytorch,2,72
data science analyst,spreadsheet,2,72
data science analyst,ssis,2,72
data science analyst,c,1,72
data science analyst,crystal,1,72
data science analyst,github,1,72
data science analyst,hadoop,1,72
data science analyst,java,1,72
data science analyst,linux/unix,1,72
data science analyst,mysql,1,72
data science analyst,nosql,1,72
data science analyst,php,1,72
data science analyst,powerpoint,1,72
data science analyst,scikit-learn,1,72
data science analyst,seaborn,1,72
data science analyst,sharepoint,1,72
data science analyst,swift,1,72
data science analyst,tensorflow,1,72
data scientist,python,344,445
data scientist,sql,276,445
data scientist,r,199,445
data scientist,tableau,113,445
data scientist,power_bi,98,445
data scientist,spark,83,445
data scientist,aws,80,445
data scientist,tensorflow,64,445
data scientist,azure,56,445
data scientist,hadoop,53,445
data scientist,pandas,53,445
data scientist,excel,49,445
data scientist,numpy,48,445
data scientist,sas,47,445
data scientist,scala,47,445
data scientist,pytorch,46,445
data scientist,java,43,445
data scientist,scikit-learn,37,445
data scientist,git,36,445
data scientist,pyspark,31,445
data scientist,c++,27,445
data scientist,matplotlib,26,445
data scientist,docker,25,445
data scientist,snowflake,23,445
data scientist,nosql,21,445
data scientist,keras,19,445
data scientist,plotly,15,445
data scientist,c,14,445
data scientist,gcp,14,445
data scientist,github,14,445
data scientist,jira,14,445
data scientist,redshift,14,445
data scientist,jupyter,13,445
data scientist,powerpoint,13,445
data scientist,go,11,445
data scientist,javascript,10,445
data scientist,shell,10,445
data scientist,alteryx,9,445
data scientist,matlab,9,445
data scientist,word,9,445
data scientist,airflow,8,445
data scientist,linux,8,445
data scientist,looker,8,445
data scientist,mysql,8,445
data scientist,qlik,8,445
data scientist,spss,8,445
data scientist,postgresql,7,445
data scientist,sharepoint,7,445
data scientist,unix,7,445
data scientist,rshiny,6,445
data scientist,seaborn,6,445
data scientist,ssis,6,445
data scientist,dax,5,445
data scientist,gitlab,5,445
data scientist,nltk,5,445
data scientist,perl,5,445
data scientist,splunk,5,445
data scientist,spreadsheet,5,445
data scientist,vba,5,445
data scientist,bigquery,4,445
data scientist,php,4,445
data scientist,crystal,3,445
data scientist,dplyr,3,445
data scientist,julia,3,445
data scientist,linux/unix,3,445
data scientist,postgres,3,445
data scientist,sap,3,445
data scientist,theano,3,445
data scientist,visual_basic,3,445
data scientist,aurora,2,445
data scientist,bash,2,445
data scientist,bitbucket,2,445
data scientist,c/c++,2,445
data scientist,ggplot2,2,445
data scientist,html,2,445
data scientist,microstrategy,2,445
data scientist,mongo,2,445
data scientist,mxnet,2,445
data scientist,outlook,2,445
data scientist,powershell,2,445
data scientist,t-sql,2,445
data scientist,atlassian,1,445
data scientist,css,1,445
data scientist,gdpr,1,445
data scientist,mongodb,1,445
data scientist,node,1,445
data scientist,redis,1,445
data scientist,ruby,1,445
data scientist,selenium,1,445
data scientist,ssrs,1,445
data scientist,unix/linux,1,445
data scientist,visio,1,445
data specialist,excel,11,28
data specialist,sql,11,28
data specialist,power_bi,8,28
data specialist,tableau,8,28
data specialist,azure,3,28
data specialist,powerpoint,3,28
data specialist,word,3,28
data specialist,crystal,2,28
data specialist,go,2,28
data specialist,outlook,2,28
data specialist,postgresql,2,28
data specialist,python,2,28
data specialist,r,2,28
data specialist,sap,2,28
data specialist,spreadsheet,2,28
data specialist,t-sql,2,28
data specialist,java,1,28
data specialist,jira,1,28
data specialist,looker,1,28
data specialist,pl/sql,1,28
data specialist,powershell,1,28
data specialist,sas,1,28
data specialist,ssis,1,28
data specialist,visio,1,28
data systems analyst,sql,11,19
data systems analyst,ssis,4,19
data systems analyst,gcp,3,19
data systems analyst,go,3,19
data systems analyst,sas,3,19
data systems analyst,postgresql,2,19
data systems analyst,ssrs,2,19
data systems analyst,excel,1,19
data systems analyst,pl/sql,1,19
data systems analyst,powerpoint,1,19
data systems analyst,r,1,19
data systems analyst,t-sql,1,19
data systems analyst,visio,1,19
data visualization analyst,tableau,15,18
data visualization analyst,power_bi,12,18
data visualization analyst,sql,12,18
data visualization analyst,python,9,18
data visualization analyst,excel,7,18
data visualization analyst,r,5,18
data visualization analyst,alteryx,3,18
data visualization analyst,dax,2,18
data visualization analyst,looker,2,18
data visualization analyst,qlik,2,18
data visualization analyst,snowflake,2,18
data visualization analyst,ssis,2,18
data visualization analyst,word,2,18
data visualization analyst,c,1,18
data visualization analyst,c++,1,18
data visualization analyst,css,1,18
data visualization analyst,gcp,1,18
data visualization analyst,html,1,18
data visualization analyst,java,1,18
data visualization analyst,javascript,1,18
data visualization analyst,mysql,1,18
data visualization analyst,powerpoint,1,18
data visualization analyst,scala,1,18
data visualization analyst,spss,1,18
data visualization analyst,ssrs,1,18
data warehouse analyst,sql,18,25
data warehouse analyst,tableau,9,25
data warehouse analyst,power_bi,7,25
data warehouse analyst,sas,6,25
data warehouse analyst,snowflake,5,25
data warehouse analyst,cognos,3,25
data warehouse analyst,excel,3,25
data warehouse analyst,pl/sql,3,25
data warehouse analyst,unix,3,25
data warehouse analyst,c,2,25
data warehouse analyst,outlook,2,25
data warehouse analyst,r,2,25
data warehouse analyst,sharepoint,2,25
data warehouse analyst,word,2,25
data warehouse analyst,aws,1,25
data warehouse analyst,groovy,1,25
data warehouse analyst,java,1,25
data warehouse analyst,jira,1,25
data warehouse analyst,linux,1,25
data warehouse analyst,python,1,25
data warehouse analyst,redshift,1,25
data warehouse analyst,sap,1,25
data warehouse analyst,shell,1,25
data warehouse analyst,ssis,1,25
data warehouse analyst,terminal,1,25
data warehouse analyst,unix/linux,1,25
director data analytics,power_bi,41,26
director data analytics,python,24,26
director data analytics,r,24,26
director data analytics,scala,23,26
director data analytics,spark,23,26
director data analytics,sql,23,26
director data analytics,tableau,23,26
director data analytics,excel,18,26
director data analytics,sas,16,26
director data analytics,matplotlib,15,26
director data analytics,nosql,15,26
director data analytics,airflow,5,26
director data analytics,looker,5,26
director data analytics,gcp,3,26
director data analytics,sap,3,26
director data analytics,aws,1,26
director data analytics,hadoop,1,26
director data science,python,20,20
director data science,r,20,20
director data science,scala,17,20
director data science,spark,17,20
director data science,tensorflow,17,20
director data science,sql,13,20
director data science,c++,10,20
director data science,java,10,20
director data science,nosql,10,20
director data science,powerpoint,7,20
director data science,power_bi,1,20
ecommerce data analyst,excel,8,16
ecommerce data analyst,sql,8,16
ecommerce data analyst,tableau,8,16
ecommerce data analyst,python,5,16
ecommerce data analyst,power_bi,3,16
ecommerce data analyst,bigquery,1,16
ecommerce data analyst,c++,1,16
ecommerce data analyst,jira,1,16
ecommerce data analyst,looker,1,16
ecommerce data analyst,outlook,1,16
ecommerce data analyst,r,1,16
ecommerce data analyst,sas,1,16
ecommerce data analyst,spreadsheet,1,16
ecommerce data analyst,word,1,16
enrollment data analyst,sql,15,19
enrollment data analyst,excel,1,19
enrollment data analyst,power_bi,1,19
enrollment data analyst,spss,1,19
enrollment data analyst,tableau,1,19
enterprise data analyst,sql,16,23
enterprise data analyst,power_bi,14,23
enterprise data analyst,python,9,23
enterprise data analyst,excel,6,23
enterprise data analyst,tableau,6,23
enterprise data analyst,alteryx,5,23
enterprise data analyst,snowflake,5,23
enterprise data analyst,powerpoint,4,23
enterprise data analyst,word,4,23
enterprise data analyst,jira,3,23
enterprise data analyst,aws,1,23
enterprise data analyst,azure,1,23
enterprise data analyst,crystal,1,23
enterprise data analyst,gcp,1,23
enterprise data analyst,html,1,23
enterprise data analyst,javascript,1,23
enterprise data analyst,looker,1,23
enterprise data analyst,microstrategy,1,23
enterprise data analyst,mysql,1,23
enterprise data analyst,outlook,1,23
enterprise data analyst,php,1,23
enterprise data analyst,powershell,1,23
enterprise data analyst,r,1,23
enterprise data analyst,redshift,1,23
enterprise data analyst,sap,1,23
enterprise data analyst,sas,1,23
enterprise data analyst,ssrs,1,23
enterprise data analyst,t-sql,1,23
enterprise data analyst,visio,1,23
excel expert,excel,23,26
excel expert,spreadsheet,5,26
excel expert,vba,2,26
excel expert,power_bi,1,26
finance data analyst,sql,26,35
finance data analyst,tableau,24,35
finance data analyst,alteryx,23,35
finance data analyst,excel,12,35
finance data analyst,power_bi,10,35
finance data analyst,sap,9,35
finance data analyst,python,4,35
finance data analyst,r,4,35
finance data analyst,go,3,35
finance data analyst,aws,2,35
finance data analyst,bigquery,2,35
finance data analyst,gcp,2,35
finance data analyst,looker,2,35
finance data analyst,powerpoint,2,35
finance data analyst,redshift,2,35
finance data analyst,spreadsheet,2,35
finance data analyst,sas,1,35
finance data analyst,vba,1,35
finance data analyst,visual_basic,1,35
financial data analyst,sql,141,235
financial data analyst,excel,136,235
financial data analyst,power_bi,83,235
financial data analyst,python,54,235
financial data analyst,powerpoint,44,235
financial data analyst,tableau,35,235
financial data analyst,r,30,235
financial data analyst,sas,29,235
financial data analyst,word,29,235
financial data analyst,outlook,19,235
financial data analyst,vba,10,235
financial data analyst,spreadsheet,9,235
financial data analyst,go,8,235
financial data analyst,sap,7,235
financial data analyst,spss,6,235
financial data analyst,azure,5,235
financial data analyst,alteryx,4,235
financial data analyst,c,4,235
financial data analyst,c++,3,235
financial data analyst,mysql,3,235
financial data analyst,qlik,3,235
financial data analyst,snowflake,3,235
financial data analyst,aws,2,235
financial data analyst,dax,2,235
financial data analyst,looker,2,235
financial data analyst,postgresql,2,235
financial data analyst,ssis,2,235
financial data analyst,ssrs,2,235
financial data analyst,bigquery,1,235
financial data analyst,crystal,1,235
financial data analyst,java,1,235
financial data analyst,mssql,1,235
financial data analyst,pl/sql,1,235
financial data analyst,sharepoint,1,235
financial data analyst,spark,1,235
gis data analyst,sql,11,37
gis data analyst,python,10,37
gis data analyst,javascript,7,37
gis data analyst,github,4,37
gis data analyst,jira,4,37
gis data analyst,jquery,4,37
gis data analyst,js,4,37
gis data analyst,shell,4,37
gis data analyst,typescript,4,37
gis data analyst,excel,3,37
gis data analyst,html,3,37
gis data analyst,power_bi,3,37
gis data analyst,powerpoint,3,37
gis data analyst,airflow,2,37
gis data analyst,aws,2,37
gis data analyst,docker,2,37
gis data analyst,git,2,37
gis data analyst,numpy,2,37
gis data analyst,pandas,2,37
gis data analyst,plotly,2,37
gis data analyst,seaborn,2,37
gis data analyst,java,1,37
gis data analyst,tableau,1,37
gis data analyst,vba,1,37
google analytics,spreadsheet,1,17
google analytics expert,go,5,27
google analytics expert,excel,2,27
health data analyst,sql,26,38
health data analyst,excel,23,38
health data analyst,sas,21,38
health data analyst,python,17,38
health data analyst,r,16,38
health data analyst,powerpoint,15,38
health data analyst,word,15,38
health data analyst,c,12,38
health data analyst,java,12,38
health data analyst,c/c++,11,38
health data analyst,html,11,38
health data analyst,tableau,10,38
health data analyst,azure,5,38
health data analyst,alteryx,3,38
health data analyst,power_bi,3,38
health data analyst,gcp,2,38
health data analyst,vba,2,38
health data analyst,assembly,1,38
health data analyst,jira,1,38
health data analyst,matlab,1,38
health data analyst,outlook,1,38
health data analyst,php,1,38
health data analyst,spss,1,38
healthcare data analyst,sql,161,182
healthcare data analyst,excel,73,182
healthcare data analyst,tableau,62,182
healthcare data analyst,python,45,182
healthcare data analyst,sas,42,182
healthcare data analyst,power_bi,41,182
healthcare data analyst,r,29,182
healthcare data analyst,go,18,182
healthcare data analyst,ssis,17,182
healthcare data analyst,powerpoint,14,182
healthcare data analyst,word,14,182
healthcare data analyst,vba,10,182
healthcare data analyst,mongo,8,182
healthcare data analyst,spreadsheet,7,182
healthcare data analyst,outlook,5,182
healthcare data analyst,alteryx,4,182
healthcare data analyst,spss,4,182
healthcare data analyst,t-sql,4,182
healthcare data analyst,snowflake,3,182
healthcare data analyst,terminal,3,182
healthcare data analyst,aws,2,182
healthcare data analyst,azure,2,182
healthcare data analyst,c,2,182
healthcare data analyst,git,2,182
healthcare data analyst,java,2,182
healthcare data analyst,jupyter,2,182
healthcare data analyst,mysql,2,182
healthcare data analyst,pandas,2,182
healthcare data analyst,postgresql,2,182
healthcare data analyst,ssrs,2,182
healthcare data analyst,airflow,1,182
healthcare data analyst,cognos,1,182
healthcare data analyst,gdpr,1,182
healthcare data analyst,github,1,182
healthcare data analyst,jira,1,182
healthcare data analyst,pl/sql,1,182
healthcare data analyst,postgres,1,182
healthcare data analyst,pyspark,1,182
healthcare data analyst,qlik,1,182
healthcare data analyst,sharepoint,1,182
healthcare data analyst,spark,1,182
healthcare data analyst,unix,1,182
healthcare data analyst,visual_basic,1,182
him data analyst,excel,21,21
him data analyst,power_bi,15,21
him data analyst,outlook,6,21
him data analyst,powerpoint,6,21
him data analyst,word,6,21
hr data analyst,excel,32,43
hr data analyst,power_bi,16,43
hr data analyst,tableau,16,43
hr data analyst,sql,12,43
hr data analyst,powerpoint,8,43
hr data analyst,word,7,43
hr data analyst,r,6,43
hr data analyst,python,4,43
hr data analyst,sharepoint,4,43
hr data analyst,sap,3,43
hr data analyst,snowflake,3,43
hr data analyst,spreadsheet,2,43
hr data analyst,alteryx,1,43
hr data analyst,c,1,43
hr data analyst,go,1,43
hr data analyst,mysql,1,43
hr data analyst,spss,1,43
hr data analyst,vba,1,43
hr data analyst,visual_basic,1,43
ili inspection data analyst,excel,7,20
ili inspection data analyst,power_bi,7,20
ili inspection data analyst,python,7,20
ili inspection data analyst,sql,7,20
ili inspection data analyst,tableau,7,20
it business analyst,sql,12,15
it business analyst,azure,10,15
it business analyst,excel,9,15
it business analyst,power_bi,9,15
it business analyst,ssrs,9,15
it business analyst,sharepoint,8,15
it business analyst,python,4,15
it business analyst,outlook,1,15
it business analyst,powerpoint,1,15
it business analyst,ssis,1,15
it business analyst,word,1,15
it data analyst,sql,57,66
it data analyst,python,20,66
it data analyst,azure,14,66
it data analyst,excel,12,66
it data analyst,unix,12,66
it data analyst,power_bi,10,66
it data analyst,snowflake,9,66
it data analyst,jira,8,66
it data analyst,hadoop,7,66
it data analyst,ssrs,6,66
it data analyst,tableau,6,66
it data analyst,c,5,66
it data analyst,redshift,5,66
it data analyst,html,4,66
it data analyst,javascript,4,66
it data analyst,nosql,4,66
it data analyst,r,4,66
it data analyst,alteryx,3,66
it data analyst,asp.net,3,66
it data analyst,spark,3,66
it data analyst,ssis,3,66
it data analyst,word,3,66
it data analyst,crystal,2,66
it data analyst,java,2,66
it data analyst,mysql,2,66
it data analyst,t-sql,2,66
it data analyst,vb.net,2,66
it data analyst,atlassian,1,66
it data analyst,c++,1,66
it data analyst,cognos,1,66
it data analyst,outlook,1,66
it data analyst,sap,1,66
it data analyst,sharepoint,1,66
it data analyst,splunk,1,66
it data analyst,spreadsheet,1,66
it data analyst,vba,1,66
it data analyst,visual_basic,1,66
manager data analytics,sql,83,90
manager data analytics,power_bi,78,90
manager data analytics,python,73,90
manager data analytics,tableau,73,90
manager data analytics,r,72,90
manager data analytics,spark,67,90
manager data analytics,scala,66,90
manager data analytics,looker,54,90
manager data analytics,gcp,52,90
manager data analytics,excel,10,90
manager data analytics,sas,6,90
manager data analytics,bigquery,5,90
manager data analytics,matplotlib,4,90
manager data analytics,nosql,4,90
manager data analytics,powerpoint,4,90
manager data analytics,snowflake,3,90
manager data analytics,aws,2,90
manager data analytics,azure,2,90
manager data analytics,jira,2,90
manager data analytics,spreadsheet,2,90
manager data analytics,hadoop,1,90
manager data analytics,pl/sql,1,90
manager data analytics,redshift,1,90
manager data analytics,sap,1,90
manager data analytics,shell,1,90
manager data analytics,ssis,1,90
manager data analytics,ssrs,1,90
manager data analytics,unix,1,90
marketing data & bi analyst,excel,31,31
marketing data & bi analyst,power_bi,31,31
marketing data & bi analyst,python,31,31
marketing data & bi analyst,r,31,31
marketing data & bi analyst,snowflake,31,31
marketing data & bi analyst,sql,31,31
marketing data & bi analyst,tableau,31,31
marketing data & bi analyst,pl/sql,1,31
marketing data & bi analyst,sas,1,31
marketing data & bi analyst,spss,1,31
marketing data analyst,sql,150,224
marketing data analyst,tableau,108,224
marketing data analyst,excel,80,224
marketing data analyst,python,68,224
marketing data analyst,power_bi,46,224
marketing data analyst,r,46,224
marketing data analyst,powerpoint,23,224
marketing data analyst,spreadsheet,14,224
marketing data analyst,word,13,224
marketing data analyst,postgresql,12,224
marketing data analyst,sas,12,224
marketing data analyst,looker,11,224
marketing data analyst,snowflake,10,224
marketing data analyst,aws,8,224
marketing data analyst,jira,8,224
marketing data analyst,go,7,224
marketing data analyst,azure,6,224
marketing data analyst,c,6,224
marketing data analyst,qlik,6,224
marketing data analyst,alteryx,5,224
marketing data analyst,outlook,4,224
marketing data analyst,bigquery,3,224
marketing data analyst,github,3,224
marketing data analyst,javascript,3,224
marketing data analyst,spss,3,224
marketing data analyst,html,2,224
marketing data analyst,java,2,224
marketing data analyst,julia,2,224
marketing data analyst,mysql,2,224
marketing data analyst,pl/sql,2,224
marketing data analyst,postgres,2,224
marketing data analyst,ssis,2,224
marketing data analyst,aurora,1,224
marketing data analyst,jupyter,1,224
marketing data analyst,numpy,1,224
marketing data analyst,pandas,1,224
marketing data analyst,perl,1,224
marketing data analyst,redshift,1,224
marketing data analyst,sharepoint,1,224
marketing data analyst,ssrs,1,224
marketing data analyst,swift,1,224
marketing data analyst,vue,1,224
master data analyst,sap,41,60
master data analyst,excel,26,60
master data analyst,powerpoint,13,60
master data analyst,word,13,60
master data analyst,go,12,60
master data analyst,outlook,6,60
master data analyst,sharepoint,5,60
master data analyst,sql,4,60
master data analyst,power_bi,2,60
master data analyst,spreadsheet,1,60
master data analyst,tableau,1,60
master data analyst,visio,1,60
operations data analyst,excel,27,39
operations data analyst,tableau,20,39
operations data analyst,power_bi,18,39
operations data analyst,sql,15,39
operations data analyst,python,9,39
operations data analyst,word,7,39
operations data analyst,outlook,6,39
operations data analyst,powerpoint,5,39
operations data analyst,sas,4,39
operations data analyst,cognos,3,39
operations data analyst,alteryx,2,39
operations data analyst,azure,2,39
operations data analyst,jira,2,39
operations data analyst,r,2,39
operations data analyst,sharepoint,2,39
operations data analyst,swift,2,39
operations data analyst,asp.net,1,39
operations data analyst,aws,1,39
operations data analyst,dax,1,39
operations data analyst,html,1,39
operations data analyst,mssql,1,39
operations data analyst,sap,1,39
operations data analyst,shell,1,39
operations data analyst,spreadsheet,1,39
operations data analyst,ssis,1,39
operations data analyst,t-sql,1,39
operations data analyst,vba,1,39
operations data analyst,visio,1,39
operations data analyst,visual_basic,1,39
performance marketing,excel,67,67
performance marketing,hadoop,67,67
performance marketing,microstrategy,67,67
performance marketing,nosql,67,67
performance marketing,power_bi,67,67
performance marketing,python,67,67
performance marketing,r,67,67
performance marketing,sas,67,67
performance marketing,spss,67,67
performance marketing,sql,67,67
performance marketing,tableau,67,67
performance marketing,vba,67,67
performance marketing,pl/sql,63,67
pharmacy data analyst,sql,31,33
pharmacy data analyst,excel,29,33
pharmacy data analyst,powerpoint,17,33
pharmacy data analyst,word,17,33
pharmacy data analyst,outlook,3,33
pharmacy data analyst,sharepoint,3,33
pharmacy data analyst,tableau,3,33
pharmacy data analyst,sas,2,33
pharmacy data analyst,vba,2,33
pharmacy data analyst,alteryx,1,33
pharmacy data analyst,ssrs,1,33
pharmacy data analyst,t-sql,1,33
pharmacy data analyst,visio,1,33
power bi data analyst,power_bi,29,30
power bi data analyst,excel,14,30
power bi data analyst,word,13,30
power bi data analyst,outlook,11,30
power bi data analyst,spreadsheet,11,30
power bi data analyst,sql,9,30
power bi data analyst,python,3,30
power bi data analyst,dax,2,30
power bi data analyst,tableau,2,30
power bi data analyst,vba,2,30
power bi data analyst,html,1,30
power bi data analyst,qlik,1,30
power bi data analyst,sharepoint,1,30
power bi data analyst,ssrs,1,30
product data analyst,sql,53,79
product data analyst,python,32,79
product data analyst,tableau,21,79
product data analyst,r,19,79
product data analyst,excel,15,79
product data analyst,aws,11,79
product data analyst,snowflake,11,79
product data analyst,jira,10,79
product data analyst,looker,10,79
product data analyst,power_bi,8,79
product data analyst,go,7,79
product data analyst,spark,6,79
product data analyst,sap,5,79
product data analyst,word,5,79
product data analyst,azure,4,79
product data analyst,powerpoint,4,79
product data analyst,assembly,3,79
product data analyst,gdpr,3,79
product data analyst,jupyter,3,79
product data analyst,mysql,3,79
product data analyst,outlook,3,79
product data analyst,pandas,3,79
product data analyst,postgres,3,79
product data analyst,matplotlib,2,79
product data analyst,pyspark,2,79
product data analyst,qlik,2,79
product data analyst,redshift,2,79
product data analyst,spreadsheet,2,79
product data analyst,alteryx,1,79
product data analyst,github,1,79
product data analyst,hadoop,1,79
product data analyst,java,1,79
product data analyst,numpy,1,79
product data analyst,powershell,1,79
product data analyst,spss,1,79
product data analyst,swift,1,79
provider data analyst,excel,11,18
provider data analyst,sql,6,18
provider data analyst,sharepoint,3,18
provider data analyst,crystal,2,18
provider data analyst,visual_basic,2,18
quality data analyst,excel,20,35
quality data analyst,word,17,35
quality data analyst,sql,14,35
quality data analyst,powerpoint,11,35
quality data analyst,r,11,35
quality data analyst,spreadsheet,8,35
quality data analyst,power_bi,7,35
quality data analyst,sas,7,35
quality data analyst,assembly,5,35
quality data analyst,microstrategy,5,35
quality data analyst,pl/sql,5,35
quality data analyst,python,5,35
quality data analyst,tableau,5,35
quality data analyst,go,4,35
quality data analyst,qlik,4,35
quality data analyst,visio,3,35
quality data analyst,sap,2,35
quality data analyst,crystal,1,35
quality data analyst,java,1,35
quality data analyst,jira,1,35
quality data analyst,matlab,1,35
quality data analyst,snowflake,1,35
quality data analyst,spss,1,35
quality data analyst,vba,1,35
reporting analyst,excel,14,17
reporting analyst,sql,6,17
reporting analyst,vba,6,17
reporting analyst,tableau,5,17
reporting analyst,sas,4,17
reporting analyst,power_bi,3,17
reporting analyst,word,3,17
reporting analyst,spss,2,17
reporting analyst,visual_basic,2,17
reporting analyst,alteryx,1,17
reporting analyst,jira,1,17
reporting analyst,linux,1,17
reporting analyst,linux/unix,1,17
reporting analyst,microstrategy,1,17
reporting analyst,outlook,1,17
reporting analyst,pl/sql,1,17
reporting analyst,python,1,17
reporting analyst,sharepoint,1,17
reporting analyst,snowflake,1,17
reporting analyst,ssrs,1,17
reporting data analyst,sql,8,15
reporting data analyst,tableau,6,15
reporting data analyst,excel,5,15
reporting data analyst,power_bi,3,15
reporting data analyst,vba,3,15
reporting data analyst,looker,2,15
reporting data analyst,python,2,15
reporting data analyst,crystal,1,15
reporting data analyst,mysql,1,15
reporting data analyst,powerpoint,1,15
reporting data analyst,sap,1,15
reporting data analyst,snowflake,1,15
reporting data analyst,ssrs,1,15
reporting data analyst,word,1,15
reporting health data analyst,power_bi,22,22
reporting health data analyst,sas,22,22
reporting health data analyst,sql,22,22
reporting health data analyst,tableau,22,22
research data analyst,python,28,83
research data analyst,r,28,83
research data analyst,tableau,28,83
research data analyst,sql,19,83
research data analyst,excel,18,83
research data analyst,sas,17,83
research data analyst,spreadsheet,15,83
research data analyst,matlab,13,83
research data analyst,vba,11,83
research data analyst,word,11,83
research data analyst,power_bi,5,83
research data analyst,spss,5,83
research data analyst,snowflake,4,83
research data analyst,powerpoint,3,83
research data analyst,bash,2,83
research data analyst,jira,2,83
research data analyst,matplotlib,2,83
research data analyst,assembly,1,83
research data analyst,c,1,83
research data analyst,cognos,1,83
research data analyst,go,1,83
research data analyst,java,1,83
research data analyst,linux,1,83
research data analyst,mysql,1,83
research data analyst,postgresql,1,83
research data analyst,powershell,1,83
research data analyst,qlik,1,83
research data analyst,ssrs,1,83
sales data analyst,excel,23,39
sales data analyst,sql,12,39
sales data analyst,tableau,10,39
sales data analyst,word,7,39
sales data analyst,outlook,5,39
sales data analyst,power_bi,5,39
sales data analyst,powerpoint,5,39
sales data analyst,python,5,39
sales data analyst,go,3,39
sales data analyst,r,3,39
sales data analyst,sharepoint,3,39
sales data analyst,spark,3,39
sales data analyst,visual_basic,3,39
sales data analyst,cognos,2,39
sales data analyst,aws,1,39
sales data analyst,azure,1,39
sales data analyst,c,1,39
sales data analyst,hadoop,1,39
sales data analyst,matplotlib,1,39
sales data analyst,microstrategy,1,39
sales data analyst,numpy,1,39
sales data analyst,pandas,1,39
sales data analyst,sap,1,39
sales data analyst,snowflake,1,39
sales data analyst,spreadsheet,1,39
sales data analyst,ssrs,1,39
salesforce data analyst,excel,19,39
salesforce data analyst,sql,17,39
salesforce data analyst,tableau,10,39
salesforce data analyst,alteryx,6,39
salesforce data analyst,power_bi,5,39
salesforce data analyst,sharepoint,5,39
salesforce data analyst,c,4,39
salesforce data analyst,qlik,4,39
salesforce data analyst,powerpoint,3,39
salesforce data analyst,python,3,39
salesforce data analyst,sap,3,39
salesforce data analyst,r,2,39
salesforce data analyst,spreadsheet,2,39
salesforce data analyst,gdpr,1,39
salesforce data analyst,jira,1,39
salesforce data analyst,sas,1,39
scientific data analyst,word,20,25
scientific data analyst,excel,19,25
scientific data analyst,powerpoint,13,25
scientific data analyst,outlook,9,25
scientific data analyst,r,9,25
scientific data analyst,sas,9,25
scientific data analyst,python,8,25
scientific data analyst,linux,6,25
scientific data analyst,unix,4,25
scientific data analyst,sharepoint,3,25
scientific data analyst,bitbucket,2,25
scientific data analyst,css,2,25
scientific data analyst,git,2,25
scientific data analyst,html,2,25
scientific data analyst,jira,2,25
scientific data analyst,matlab,2,25
scientific data analyst,mysql,2,25
scientific data analyst,power_bi,2,25
scientific data analyst,tableau,2,25
scientific data analyst,spreadsheet,1,25
scientific data analyst,sql,1,25
sql data analyst,sql,24,24
sql data analyst,excel,10,24
sql data analyst,power_bi,10,24
sql data analyst,tableau,8,24
sql data analyst,ssrs,5,24
sql data analyst,hadoop,4,24
sql data analyst,t-sql,4,24
sql data analyst,aws,2,24
sql data analyst,azure,2,24
sql data analyst,c,2,24
sql data analyst,looker,2,24
sql data analyst,powershell,2,24
sql data analyst,python,2,24
sql data analyst,ssis,2,24
sql data analyst,crystal,1,24
sql data analyst,gcp,1,24
sql data analyst,julia,1,24
sql data analyst,matplotlib,1,24
sql data analyst,nosql,1,24
sql data analyst,postgres,1,24
sql data analyst,powerpoint,1,24
sql data analyst,r,1,24
sql data analyst,redshift,1,24
sql data analyst,sas,1,24
sql data analyst,scala,1,24
sql data analyst,snowflake,1,24
sql data analyst,spark,1,24
sql data analyst,spreadsheet,1,24
sql data analyst,vb.net,1,24
sql data analyst,visio,1,24
stategy analyst,excel,16,16
stategy analyst,sql,16,16
supplier diversity data analyst,qlik,25,25
supplier diversity data analyst,power_bi,20,25
supply chain data analyst,sql,28,40
supply chain data analyst,power_bi,24,40
supply chain data analyst,python,22,40
supply chain data analyst,tableau,17,40
supply chain data analyst,excel,16,40
supply chain data analyst,r,15,40
supply chain data analyst,alteryx,14,40
supply chain data analyst,sap,10,40
supply chain data analyst,c,8,40
supply chain data analyst,java,8,40
supply chain data analyst,vba,8,40
supply chain data analyst,visual_basic,6,40
supply chain data analyst,nosql,5,40
supply chain data analyst,powerpoint,5,40
supply chain data analyst,aws,4,40
supply chain data analyst,azure,4,40
supply chain data analyst,hadoop,4,40
supply chain data analyst,sas,4,40
supply chain data analyst,c++,3,40
supply chain data analyst,cognos,3,40
supply chain data analyst,perl,3,40
supply chain data analyst,bigquery,2,40
supply chain data analyst,snowflake,2,40
supply chain data analyst,word,2,40
supply chain data analyst,dax,1,40
supply chain data analyst,go,1,40
supply chain data analyst,html,1,40
supply chain data analyst,outlook,1,40
technical data analyst,sql,36,46
technical data analyst,tableau,15,46
technical data analyst,power_bi,14,46
technical data analyst,excel,13,46
technical data analyst,word,9,46
technical data analyst,python,8,46
technical data analyst,spreadsheet,6,46
technical data analyst,cognos,5,46
technical data analyst,r,5,46
technical data analyst,redshift,5,46
technical data analyst,sharepoint,5,46
technical data analyst,snowflake,5,46
technical data analyst,aws,4,46
technical data analyst,azure,4,46
technical data analyst,spark,4,46
technical data analyst,alteryx,3,46
technical data analyst,spss,3,46
technical data analyst,hadoop,2,46
technical data analyst,outlook,2,46
technical data analyst,qlik,2,46
technical data analyst,sas,2,46
technical data analyst,ssis,2,46
technical data analyst,ssrs,2,46
technical data analyst,cobol,1,46
technical data analyst,jira,1,46
technical data analyst,microstrategy,1,46
technical data analyst,pl/sql,1,46
technical data analyst,postgresql,1,46
technical data analyst,powerpoint,1,46
technical data analyst,powershell,1,46
technical data analyst,scala,1,46
technical data analyst,shell,1,46
technical data analyst,unix,1,46
technical data analyst,visio,1,46
transportation data analyst,excel,32,36
transportation data analyst,tableau,32,36
transportation data analyst,python,31,36
transportation data analyst,aws,30,36
transportation data analyst,azure,30,36
transportation data analyst,matlab,30,36
transportation data analyst,power_bi,30,36
transportation data analyst,r,30,36
transportation data analyst,sap,2,36
transportation data analyst,sql,2,36
transportation data analyst,go,1,36
workday reporting data analyst,excel,66,66
workday reporting data analyst,power_bi,2,66
workday reporting data analyst,python,2,66
